dataset,category,image_id,image_path,haze_score,brightness,local_contrast,hist_entropy,edge_density_diff,retinex_mean,color_skew,colorfulness,gradient_entropy,hue_spread,hf_energy_fft,hf_energy_wavelet
RR,thin_fog,1023.png,D:\www\riset\dehazing\dataset\RRSHID\thin_fog\test\hazy\1023.png,0.35288944840431213,0.391105721666922,11.069221942922097,4.707097,0.0008697509765625,-0.004726289305835962,2.636385037583677,5.152400970458984,4.831890106201172,0.3864637493381833,0.9549009799957275,0.013129261322319508
RR,thin_fog,1035.png,D:\www\riset\dehazing\dataset\RRSHID\thin_fog\test\hazy\1035.png,0.42397695779800415,0.4931218963822508,9.161666535344251,5.0710616,0.0025482177734375,-0.0027625865768641233,2.027123055959233,4.746099472045898,5.9699788093566895,0.3607912301812915,1.0343425273895264,0.023953434079885483
RR,thin_fog,1075.png,D:\www\riset\dehazing\dataset\RRSHID\thin_fog\test\hazy\1075.png,0.4201204180717468,0.4957000333499285,10.69288866775095,5.251152,0.0052642822265625,-0.003851901739835739,1.8750818435397463,6.579579830169678,6.082123756408691,0.2588288279884677,1.0550785064697266,0.024857591837644577
RR,thin_fog,1230.png,D:\www\riset\dehazing\dataset\RRSHID\thin_fog\test\hazy\1230.png,0.3921133875846863,0.45328311296849466,14.340392619258644,5.2766457,0.0023651123046875,-0.007629879284650087,2.981817143221105,7.543925762176514,5.581736087799072,0.41408956458681173,1.023285984992981,0.01806246116757393
RR,thin_fog,1291.png,D:\www\riset\dehazing\dataset\RRSHID\thin_fog\test\hazy\1291.png,0.40579965710639954,0.4647998286228554,14.866040445946183,5.6728997,0.0015869140625,-0.005759609863162041,1.4076161745874707,6.825563430786133,5.541337013244629,0.4406334522189362,0.9987772703170776,0.017270918935537338
RR,thin_fog,1292.png,D:\www\riset\dehazing\dataset\RRSHID\thin_fog\test\hazy\1292.png,0.4058646857738495,0.46989297305836397,13.795200182853266,5.692789,0.0016937255859375,-0.005122699309140444,0.7245895221136575,6.857466697692871,5.798064231872559,0.421875299419616,1.020120620727539,0.020581897348165512
RR,thin_fog,1295.png,D:\www\riset\dehazing\dataset\RRSHID\thin_fog\test\hazy\1295.png,0.4132891595363617,0.49095722273284315,21.1982287095914,6.057269,0.0100860595703125,-0.011923771351575851,1.2614150387311363,9.85162353515625,6.068220615386963,0.3249012513852957,1.13407564163208,0.02444063499569893
RR,thin_fog,130.png,D:\www\riset\dehazing\dataset\RRSHID\thin_fog\test\hazy\130.png,0.3671746850013733,0.5047012229370915,16.867887816122728,6.0691633,0.044097900390625,-0.00971943885087967,0.47559755324185043,15.49370288848877,6.80026912689209,0.10837086336567761,1.307655930519104,0.04051932692527771
RR,thin_fog,1422.png,D:\www\riset\dehazing\dataset\RRSHID\thin_fog\test\hazy\1422.png,0.3835281729698181,0.4687281789343341,11.382857178840174,5.4311457,0.011322021484375,-0.004580255597829819,1.184917533738188,6.365901470184326,6.3229498863220215,0.29685653371845316,1.1622812747955322,0.029881738126277924
RR,thin_fog,1432.png,D:\www\riset\dehazing\dataset\RRSHID\thin_fog\test\hazy\1432.png,0.3798280358314514,0.4623807221456291,12.41834302994523,5.52404,0.0059051513671875,-0.005102007184177637,1.410840561172863,8.20608139038086,6.225633144378662,0.3074987509900511,1.1430842876434326,0.028358250856399536
RR,thin_fog,1571.png,D:\www\riset\dehazing\dataset\RRSHID\thin_fog\test\hazy\1571.png,0.4161807894706726,0.4992503247229882,17.318580149674297,5.866888,0.01422119140625,-0.008075847290456295,1.1526521436642623,12.778522491455078,6.092709064483643,0.17045304360382085,1.152443528175354,0.024753108620643616
RR,thin_fog,1615.png,D:\www\riset\dehazing\dataset\RRSHID\thin_fog\test\hazy\1615.png,0.4307742118835449,0.5567042531530841,14.407276289608161,5.8397036,0.00537109375,-0.00452016294002533,0.3042023417837671,22.879222869873047,5.691349029541016,0.012640379126568926,0.9701688289642334,0.018429627642035484
RR,thin_fog,1738.png,D:\www\riset\dehazing\dataset\RRSHID\thin_fog\test\hazy\1738.png,0.3411709666252136,0.4848823098575368,15.556573168642151,5.965232,0.0091400146484375,-0.007152296137064695,0.32858705728444,22.457027435302734,6.383808135986328,0.14432666345140516,1.1264837980270386,0.030083991587162018
RR,thin_fog,1744.png,D:\www\riset\dehazing\dataset\RRSHID\thin_fog\test\hazy\1744.png,0.3363635540008545,0.4555350309883068,11.54861116967585,5.3635006,0.014068603515625,-0.005640968680381775,1.290004621991475,27.771068572998047,5.688766002655029,0.006197805840341646,0.9767576456069946,0.02020072191953659
RR,thin_fog,1746.png,D:\www\riset\dehazing\dataset\RRSHID\thin_fog\test\hazy\1746.png,0.34412598609924316,0.4652336768854677,14.306737149070832,5.60636,0.0047149658203125,-0.006060382816940546,1.7444982013229715,22.657634735107422,5.638983249664307,0.045640555794420126,0.9302632808685303,0.018222827464342117
RR,thin_fog,1747.png,D:\www\riset\dehazing\dataset\RRSHID\thin_fog\test\hazy\1747.png,0.41402122378349304,0.5368408801508885,10.309154428384495,5.3750677,0.001708984375,-0.002617940539494157,0.185911395178983,22.03085708618164,5.493978500366211,0.04064671696796728,0.9366414546966553,0.01676923595368862
RR,thin_fog,1762.png,D:\www\riset\dehazing\dataset\RRSHID\thin_fog\test\hazy\1762.png,0.3671426773071289,0.4665279612821691,9.982306942203948,5.3075385,0.003173828125,-0.0034401665907353163,0.039302180799799656,22.243194580078125,4.642455101013184,0.052077568021815956,0.801194429397583,0.010346898809075356
RR,thin_fog,184.png,D:\www\riset\dehazing\dataset\RRSHID\thin_fog\test\hazy\184.png,0.33059778809547424,0.3889340269799326,14.43789617198705,5.015406,0.01812744140625,-0.009007109329104424,2.019057959604854,9.880163192749023,5.4940876960754395,0.13785018124286783,1.0738043785095215,0.01907133124768734
RR,thin_fog,2033.png,D:\www\riset\dehazing\dataset\RRSHID\thin_fog\test\hazy\2033.png,0.38656654953956604,0.501464684180964,20.46213619717475,6.0108647,0.0003509521484375,-0.009980754926800728,1.331117599157816,21.44467544555664,5.734926700592041,0.039898955251839285,0.98993980884552,0.02058093622326851
RR,thin_fog,2036.png,D:\www\riset\dehazing\dataset\RRSHID\thin_fog\test\hazy\2036.png,0.4326798915863037,0.549333101160386,20.883427534147074,6.316308,6.103515625e-05,-0.0075864605605602264,0.6006589987721366,22.829097747802734,5.5351152420043945,0.009199237372015142,0.9424606561660767,0.017738735303282738
RR,thin_fog,2163.png,D:\www\riset\dehazing\dataset\RRSHID\thin_fog\test\hazy\2163.png,0.32900309562683105,0.41874258003982845,7.536918648535487,4.8652015,0.0035552978515625,-0.0023630193900316954,1.1125786649544607,15.431238174438477,5.546538352966309,0.2561862806660922,0.9070582985877991,0.016811715438961983
RR,thin_fog,2250.png,D:\www\riset\dehazing\dataset\RRSHID\thin_fog\test\hazy\2250.png,0.39855146408081055,0.5030780268650429,16.762366584705585,5.867179,0.000885009765625,-0.0071655516512691975,1.1757672918254316,20.2805118560791,5.641702651977539,0.3666201005305217,0.9793794751167297,0.019078277051448822
RR,thin_fog,2343.png,D:\www\riset\dehazing\dataset\RRSHID\thin_fog\test\hazy\2343.png,0.4218721389770508,0.5357671800002552,14.239154266677895,5.6695843,0.00653076171875,-0.0056867352686822414,1.3565935816643353,15.80609130859375,5.941473007202148,0.047661249820703626,1.032820224761963,0.01996735669672489
RR,thin_fog,2369.png,D:\www\riset\dehazing\dataset\RRSHID\thin_fog\test\hazy\2369.png,0.42057254910469055,0.521382230870864,11.148932563558475,5.239079,0.003173828125,-0.003645916236564517,2.312316104204103,17.976242065429688,5.269985198974609,0.05941957209410935,0.8296294808387756,0.013301121070981026
RR,thin_fog,2372.png,D:\www\riset\dehazing\dataset\RRSHID\thin_fog\test\hazy\2372.png,0.3695814609527588,0.48475325839971406,17.36152556106133,6.1174703,0.0060882568359375,-0.009069842286407948,0.24770797559369936,23.286151885986328,5.858550548553467,0.15086233030952395,1.0565147399902344,0.019955266267061234
RR,thin_fog,2375.png,D:\www\riset\dehazing\dataset\RRSHID\thin_fog\test\hazy\2375.png,0.40121057629585266,0.513061284083946,17.317483918542305,6.0562444,0.0018157958984375,-0.006157983094453812,0.79898901592659,17.511011123657227,5.414951801300049,0.06428815437666623,0.945504903793335,0.015603940933942795
RR,thin_fog,2389.png,D:\www\riset\dehazing\dataset\RRSHID\thin_fog\test\hazy\2389.png,0.41085323691368103,0.5192331949869792,16.2996275511751,5.880145,0.000885009765625,-0.007502850145101547,0.8213500205239469,23.447677612304688,5.353180885314941,0.04679257477132451,0.8346288204193115,0.013307103887200356
RR,thin_fog,2399.png,D:\www\riset\dehazing\dataset\RRSHID\thin_fog\test\hazy\2399.png,0.31531649827957153,0.4271627987132353,22.500165407393187,5.99058,0.0213775634765625,-0.01685786433517933,2.231882736232057,16.061830520629883,6.420886039733887,0.34041950994884185,1.2500649690628052,0.028305713087320328
RR,thin_fog,2451.png,D:\www\riset\dehazing\dataset\RRSHID\thin_fog\test\hazy\2451.png,0.2990080714225769,0.42988125670189953,16.874203908650518,5.8938065,0.0269012451171875,-0.012196484953165054,1.220087791204995,19.137821197509766,6.616901397705078,0.3497183466460866,1.257918119430542,0.03209850937128067
RR,thin_fog,2465.png,D:\www\riset\dehazing\dataset\RRSHID\thin_fog\test\hazy\2465.png,0.2884015440940857,0.39468824598524305,21.863737428287486,6.088848,0.018035888671875,-0.019212083891034126,2.197008785190961,13.804887771606445,6.354428291320801,0.25194729056576204,1.2094159126281738,0.026761401444673538
RR,thin_fog,2481.png,D:\www\riset\dehazing\dataset\RRSHID\thin_fog\test\hazy\2481.png,0.3714030385017395,0.5056615492876838,16.890992245415404,5.9356966,0.0196990966796875,-0.009155036881566048,0.863062859209012,21.395889282226562,6.467339992523193,0.3099285564409819,1.2290096282958984,0.028924085199832916
RR,thin_fog,2511.png,D:\www\riset\dehazing\dataset\RRSHID\thin_fog\test\hazy\2511.png,0.3933850824832916,0.48302600337009804,8.454119100293056,4.9178567,0.0018463134765625,-0.002154425485059619,1.8483311626030605,13.747881889343262,5.501061916351318,0.07360946640357495,0.9476898908615112,0.016152897849678993
RR,thin_fog,2543.png,D:\www\riset\dehazing\dataset\RRSHID\thin_fog\test\hazy\2543.png,0.40373581647872925,0.48165428809870303,9.87919506880465,5.2621956,0.0014801025390625,-0.0028739154804497957,0.13431147676372424,14.10828971862793,5.171823024749756,0.16302540463930804,0.8675482273101807,0.012960880063474178
RR,thin_fog,2672.png,D:\www\riset\dehazing\dataset\RRSHID\thin_fog\test\hazy\2672.png,0.4023131728172302,0.49486806034262665,11.765504637490965,4.875131,0.0035400390625,-0.003997367341071367,3.005668782163854,14.019050598144531,5.105376720428467,0.07398578549033322,0.877751350402832,0.012793809175491333
RR,thin_fog,27.png,D:\www\riset\dehazing\dataset\RRSHID\thin_fog\test\hazy\27.png,0.3822978436946869,0.44648990007786965,10.037814182891587,4.980335,0.0049285888671875,-0.003857094794511795,1.8927360996173326,7.845260143280029,5.776003360748291,0.3877431557898147,1.0728411674499512,0.02039818838238716
RR,thin_fog,2706.png,D:\www\riset\dehazing\dataset\RRSHID\thin_fog\test\hazy\2706.png,0.29681360721588135,0.40300582187627654,13.55089466294623,5.6644487,0.0037841796875,-0.007554727140814066,1.1494130051413058,19.85314178466797,5.548569202423096,0.09145125848630611,0.9848991632461548,0.01712275668978691
RR,thin_fog,2725.png,D:\www\riset\dehazing\dataset\RRSHID\thin_fog\test\hazy\2725.png,0.40310055017471313,0.5150250603170956,20.706265279739505,6.254302,0.0006256103515625,-0.00886258203536272,0.4591959116742253,24.964157104492188,4.917063236236572,0.04701243154077954,0.848558247089386,0.011456899344921112
RR,thin_fog,2727.png,D:\www\riset\dehazing\dataset\RRSHID\thin_fog\test\hazy\2727.png,0.34926602244377136,0.456106587328942,19.05911214772018,6.1655774,0.010589599609375,-0.009782372042536736,0.679497729887125,22.44837188720703,5.469470024108887,0.1110426257332949,0.9122476577758789,0.015448360703885555
RR,thin_fog,2738.png,D:\www\riset\dehazing\dataset\RRSHID\thin_fog\test\hazy\2738.png,0.3857250213623047,0.4861343284058415,9.902327772074473,5.1965446,0.00115966796875,-0.002808826044201851,0.8401670748175513,20.29802131652832,5.061954498291016,0.11601093119644755,0.8539925813674927,0.012220798060297966
RR,thin_fog,2741.png,D:\www\riset\dehazing\dataset\RRSHID\thin_fog\test\hazy\2741.png,0.4196826219558716,0.5246545729294322,9.05309036041306,4.823621,0.0005645751953125,-0.0021567195653915405,1.7877678201699172,22.801362991333008,4.793354034423828,0.2779016701128552,0.7490613460540771,0.010170496068894863
RR,thin_fog,2749.png,D:\www\riset\dehazing\dataset\RRSHID\thin_fog\test\hazy\2749.png,0.33037620782852173,0.42224627725439134,19.915375547269903,5.8856373,0.000732421875,-0.012114935554564,0.5373545587684122,20.80870819091797,5.002201080322266,0.06319997439360704,0.8521159291267395,0.01171803381294012
RR,thin_fog,2759.png,D:\www\riset\dehazing\dataset\RRSHID\thin_fog\test\hazy\2759.png,0.32832592725753784,0.42771373075597424,15.704001408763999,5.4518604,0.0053558349609375,-0.009286032989621162,2.429802460958983,18.600936889648438,5.447738170623779,0.2754909461077977,0.8729202747344971,0.014578549191355705
RR,thin_fog,2772.png,D:\www\riset\dehazing\dataset\RRSHID\thin_fog\test\hazy\2772.png,0.40023553371429443,0.5072679507186989,12.726289466003509,5.648279,0.00286865234375,-0.004036459606140852,0.3765523862741773,20.985010147094727,5.3559112548828125,0.09746966325887627,0.9545832276344299,0.014838367700576782
RR,thin_fog,2820.png,D:\www\riset\dehazing\dataset\RRSHID\thin_fog\test\hazy\2820.png,0.35067376494407654,0.4430700763378268,13.711775033284148,5.7092953,0.002838134765625,-0.006308543961495161,-0.23914271083250796,19.202802658081055,5.1836323738098145,0.1543377094149114,0.9867043495178223,0.013883944600820541
RR,thin_fog,2863.png,D:\www\riset\dehazing\dataset\RRSHID\thin_fog\test\hazy\2863.png,0.4025440216064453,0.5162145278033088,11.195595771587566,5.4108825,0.0036163330078125,-0.002722933189943433,0.9280734855662903,22.09319305419922,5.4583330154418945,0.05267142000777908,0.9648791551589966,0.016187725588679314
RR,thin_fog,2867.png,D:\www\riset\dehazing\dataset\RRSHID\thin_fog\test\hazy\2867.png,0.25164973735809326,0.34711947970920143,15.628834496986263,5.663748,0.01019287109375,-0.0123119642958045,2.616855435530963,17.821605682373047,5.926065444946289,0.35695160684212085,1.161603331565857,0.02207007259130478
RR,thin_fog,2892.png,D:\www\riset\dehazing\dataset\RRSHID\thin_fog\test\hazy\2892.png,0.22900313138961792,0.31526712654462824,10.892854929418325,5.3873377,0.0053863525390625,-0.008895696140825748,0.8066298423154995,12.910530090332031,5.8925347328186035,0.29548606807604033,1.0966655015945435,0.021424176171422005
RR,thin_fog,2896.png,D:\www\riset\dehazing\dataset\RRSHID\thin_fog\test\hazy\2896.png,0.2043364942073822,0.29039053324780434,9.072561716320696,5.1405773,0.0041351318359375,-0.007669851649552584,1.010949148729862,14.168344497680664,5.646845817565918,0.31569167899043943,1.019913911819458,0.01890258863568306
RR,thin_fog,2898.png,D:\www\riset\dehazing\dataset\RRSHID\thin_fog\test\hazy\2898.png,0.23954300582408905,0.3396621205448325,13.300445607362745,5.6105576,0.006072998046875,-0.011307145468890667,0.9986522754483588,16.478073120117188,6.069372177124023,0.4393796456229803,1.1332626342773438,0.0231013260781765
RR,thin_fog,2903.png,D:\www\riset\dehazing\dataset\RRSHID\thin_fog\test\hazy\2903.png,0.3342570960521698,0.43299119737413194,12.514341719243998,5.4512415,0.0045166015625,-0.005572028458118439,1.7044860176536385,19.855770111083984,5.399458885192871,0.2587362284759135,0.9791138172149658,0.014997176826000214
RR,thin_fog,2908.png,D:\www\riset\dehazing\dataset\RRSHID\thin_fog\test\hazy\2908.png,0.3271033763885498,0.41963524911917893,11.926850459563884,5.1862526,0.0044708251953125,-0.005146134179085493,2.9814736395924495,17.349567413330078,5.275924205780029,0.08446893687214094,0.9252347946166992,0.013610243797302246
RR,thin_fog,2918.png,D:\www\riset\dehazing\dataset\RRSHID\thin_fog\test\hazy\2918.png,0.2714904546737671,0.35974779316023286,12.856327728799737,5.3637633,0.007049560546875,-0.00912854541093111,1.7891151777781857,15.51418399810791,5.649345874786377,0.2590940142831659,1.0619922876358032,0.01755981333553791
RR,thin_fog,2919.png,D:\www\riset\dehazing\dataset\RRSHID\thin_fog\test\hazy\2919.png,0.3543318212032318,0.4685949786815768,18.721721523739205,5.9172516,0.03424072265625,-0.011711284518241882,1.5039229896968707,19.88724136352539,6.038473129272461,0.2523292484480323,1.179644227027893,0.024050485342741013
RR,thin_fog,2931.png,D:\www\riset\dehazing\dataset\RRSHID\thin_fog\test\hazy\2931.png,0.34823688864707947,0.4480003207337623,9.3378961190481,5.1197176,0.0027618408203125,-0.0029288127552717924,1.2212777557027297,17.966495513916016,5.373590469360352,0.05485251879940079,0.930329442024231,0.015111350454390049
RR,thin_fog,2940.png,D:\www\riset\dehazing\dataset\RRSHID\thin_fog\test\hazy\2940.png,0.36226677894592285,0.4659415849673203,14.90164843542661,5.8535023,0.0031890869140625,-0.0068044899962842464,0.3266658386553632,21.678455352783203,5.6046061515808105,0.17836996590439383,0.9513849020004272,0.017620256170630455
RR,thin_fog,2946.png,D:\www\riset\dehazing\dataset\RRSHID\thin_fog\test\hazy\2946.png,0.2175815999507904,0.332963512146395,19.635069047039735,5.9230657,0.0174713134765625,-0.022783799096941948,1.5891663102977687,23.106063842773438,6.286529541015625,0.4367772098073698,1.205210566520691,0.027061672881245613
RR,thin_fog,2953.png,D:\www\riset\dehazing\dataset\RRSHID\thin_fog\test\hazy\2953.png,0.30507442355155945,0.4083463182636336,13.57857612322336,5.588157,0.0044403076171875,-0.00681010028347373,0.7440153784057041,18.671445846557617,5.677099227905273,0.08089430173785776,1.0454795360565186,0.018132470548152924
RR,thin_fog,2955.png,D:\www\riset\dehazing\dataset\RRSHID\thin_fog\test\hazy\2955.png,0.2807823121547699,0.3689785626978656,9.549921277386577,5.183509,0.00299072265625,-0.005239743739366531,0.9017488789958805,15.680181503295898,5.584322929382324,0.2116126711546755,0.9906468987464905,0.0167132206261158
RR,thin_fog,2956.png,D:\www\riset\dehazing\dataset\RRSHID\thin_fog\test\hazy\2956.png,0.28999683260917664,0.3820543875102124,13.36908313047113,5.675789,0.00555419921875,-0.008219144307076931,0.7580902062708176,16.641794204711914,5.648983001708984,0.22410424245197938,1.0387437343597412,0.017590811476111412
RR,thin_fog,2966.png,D:\www\riset\dehazing\dataset\RRSHID\thin_fog\test\hazy\2966.png,0.34360894560813904,0.4525457444533803,14.181955704113237,5.7108583,0.0225067138671875,-0.00719411252066493,1.2418164018305182,20.297534942626953,6.130946159362793,0.386915042245878,1.1698856353759766,0.024690277874469757
RR,thin_fog,2976.png,D:\www\riset\dehazing\dataset\RRSHID\thin_fog\test\hazy\2976.png,0.26330363750457764,0.3512483085682189,14.403576263215207,5.7220654,0.0024261474609375,-0.011896402575075626,1.059075497751297,15.912101745605469,5.400784492492676,0.28140258142347296,0.8877005577087402,0.014421530067920685
RR,thin_fog,2993.png,D:\www\riset\dehazing\dataset\RRSHID\thin_fog\test\hazy\2993.png,0.360993891954422,0.5368540844886132,14.21428077588105,5.816802,0.0398712158203125,-0.0049169231206178665,0.08506767108726367,24.564163208007812,6.893072605133057,0.01597470600857902,1.497658371925354,0.04557531699538231
RR,thin_fog,2996.png,D:\www\riset\dehazing\dataset\RRSHID\thin_fog\test\hazy\2996.png,0.24363626539707184,0.360421533522263,12.379501897056809,5.5957327,0.0120391845703125,-0.008962868712842464,0.7984025191586244,16.245283126831055,6.363650321960449,0.24829488980865694,1.2145720720291138,0.03050094097852707
RR,thin_fog,2999.png,D:\www\riset\dehazing\dataset\RRSHID\thin_fog\test\hazy\2999.png,0.25935494899749756,0.35682311213873574,15.387420579329183,5.641464,0.002777099609375,-0.010945845395326614,1.4164752998631813,16.664539337158203,5.777647495269775,0.21842457411189045,1.0393660068511963,0.01955147460103035
RR,thin_fog,3008.png,D:\www\riset\dehazing\dataset\RRSHID\thin_fog\test\hazy\3008.png,0.38012221455574036,0.4771717744715073,11.925421447654955,5.523206,0.002044677734375,-0.004985098727047443,0.5796923558479167,18.167800903320312,5.329344749450684,0.23587965843922837,0.8939895629882812,0.013988185673952103
RR,thin_fog,3044.png,D:\www\riset\dehazing\dataset\RRSHID\thin_fog\test\hazy\3044.png,0.39715152978897095,0.4945419012331495,8.98133607696902,5.095041,0.001495361328125,-0.002045442583039403,1.0198863931286988,19.18995475769043,5.052859306335449,0.05737696883867668,0.8770298957824707,0.012679398991167545
RR,thin_fog,457.png,D:\www\riset\dehazing\dataset\RRSHID\thin_fog\test\hazy\457.png,0.4017825424671173,0.49415656195746527,11.961114724980982,5.54764,0.0120849609375,-0.00488765025511384,0.8267509903462139,6.617947101593018,6.406102180480957,0.3128603320878241,1.202279806137085,0.03229861333966255
RR,thin_fog,46.png,D:\www\riset\dehazing\dataset\RRSHID\thin_fog\test\hazy\46.png,0.3469010889530182,0.4238060047423917,17.198226730933406,5.7767797,0.0110626220703125,-0.010512024164199829,1.8958524079794847,10.365690231323242,6.010167121887207,0.16232289524489973,1.173554539680481,0.024170998483896255
RR,thin_fog,47.png,D:\www\riset\dehazing\dataset\RRSHID\thin_fog\test\hazy\47.png,0.3610075116157532,0.44306654587290645,18.17124137573641,5.9825106,0.0127716064453125,-0.01208640169352293,0.6154879542412974,11.565841674804688,6.1721343994140625,0.12643706604108476,1.123007893562317,0.02528064325451851
RR,thin_fog,498.png,D:\www\riset\dehazing\dataset\RRSHID\thin_fog\test\hazy\498.png,0.3569209575653076,0.4340710409326491,14.856905385805003,5.737387,0.00927734375,-0.009830988012254238,1.3324319132676716,8.65041732788086,6.263369083404541,0.2504231502055429,1.1424245834350586,0.027475276961922646
RR,thin_fog,57.png,D:\www\riset\dehazing\dataset\RRSHID\thin_fog\test\hazy\57.png,0.3735308051109314,0.43636586307700165,11.050136427665802,5.303097,0.0024566650390625,-0.005346274469047785,0.6010247028544493,10.22014331817627,5.471688747406006,0.1207083690707814,0.970564067363739,0.017408784478902817
RR,thin_fog,823.png,D:\www\riset\dehazing\dataset\RRSHID\thin_fog\test\hazy\823.png,0.36415958404541016,0.4512576633029514,14.23084212597242,5.6970825,0.0084991455078125,-0.007243974134325981,1.5891200053960988,7.08821964263916,6.1842732429504395,0.37174500877944083,1.1283369064331055,0.026662789285182953
RR,thin_fog,88.png,D:\www\riset\dehazing\dataset\RRSHID\thin_fog\test\hazy\88.png,0.39578619599342346,0.45842053781147873,10.427993551295724,5.0922346,0.001373291015625,-0.002939656376838684,2.071752208037878,4.751245498657227,5.92376708984375,0.396763814773535,1.0745429992675781,0.022138170897960663
RR,thin_fog,95.png,D:\www\riset\dehazing\dataset\RRSHID\thin_fog\test\hazy\95.png,0.41508910059928894,0.48479051776960785,15.616045281876309,5.6999426,0.00762939453125,-0.006180364638566971,1.431430187922765,11.157161712646484,5.828266143798828,0.19185583454785163,1.0828732252120972,0.02186914160847664
RR,thin_fog,972.png,D:\www\riset\dehazing\dataset\RRSHID\thin_fog\test\hazy\972.png,0.4234946668148041,0.47854741913041254,7.57000549030221,4.7550282,0.000762939453125,-0.0016445452347397804,1.8034146528614794,4.524078369140625,5.626243591308594,0.43924798855445657,0.9628182053565979,0.017972584813833237
RR,thin_fog,990.png,D:\www\riset\dehazing\dataset\RRSHID\thin_fog\test\hazy\990.png,0.4289463460445404,0.5115534564248876,11.566156817794838,5.4898505,0.0061798095703125,-0.004002794157713652,0.863967314862007,7.370880126953125,6.238207817077637,0.20921918293255992,1.1130250692367554,0.0279952771961689
RR,moderate_fog,1.png,D:\www\riset\dehazing\dataset\RRSHID\moderate_fog\test\hazy\1.png,0.594748318195343,0.6719220130272161,12.768964028297699,5.547629,0.010284423828125,-0.0024945579934865236,0.9502323266663523,7.431704521179199,6.047722816467285,0.3129771885560374,1.1802860498428345,0.025314029306173325
RR,moderate_fog,1014.png,D:\www\riset\dehazing\dataset\RRSHID\moderate_fog\test\hazy\1014.png,0.5573766231536865,0.6057117337494894,8.821696519164718,4.3858657,0.0025482177734375,-0.001441909116692841,2.8998709832219025,5.8734636306762695,5.2477707862854,0.45752987793633965,0.9635913372039795,0.015397017821669579
RR,moderate_fog,1021.png,D:\www\riset\dehazing\dataset\RRSHID\moderate_fog\test\hazy\1021.png,0.5442111492156982,0.6097757975260417,11.452236886435964,4.981488,0.01214599609375,-0.0023772555869072676,2.81108515917709,7.19680118560791,5.425766944885254,0.30510765671551426,1.0533946752548218,0.018450209870934486
RR,moderate_fog,1048.png,D:\www\riset\dehazing\dataset\RRSHID\moderate_fog\test\hazy\1048.png,0.4452156126499176,0.4893053441265829,10.18612580367389,5.1308775,0.001251220703125,-0.002866232767701149,1.4678962018560011,7.599218368530273,4.958878993988037,0.2415996370118588,0.894989550113678,0.012818703427910805
RR,moderate_fog,1067.png,D:\www\riset\dehazing\dataset\RRSHID\moderate_fog\test\hazy\1067.png,0.6143767833709717,0.6653098511540033,10.228113760006961,5.0224996,0.0052642822265625,-0.0019257882377132773,2.071995975567693,7.101071357727051,5.087031364440918,0.25901041052067086,0.936715304851532,0.014639701694250107
RR,moderate_fog,1072.png,D:\www\riset\dehazing\dataset\RRSHID\moderate_fog\test\hazy\1072.png,0.5459617376327515,0.6125236960018382,12.276733022623189,5.46521,0.005767822265625,-0.0033117318525910378,1.059574137838323,6.749111652374268,5.842089653015137,0.32117349252750216,1.066130518913269,0.021280206739902496
RR,moderate_fog,108.png,D:\www\riset\dehazing\dataset\RRSHID\moderate_fog\test\hazy\108.png,0.524001955986023,0.6282356012880413,21.878847844989686,6.3738823,0.0581512451171875,-0.009804134257137775,0.19463209224339406,8.743200302124023,6.979386329650879,0.14153496905765686,1.2235711812973022,0.04076262563467026
RR,moderate_fog,1098.png,D:\www\riset\dehazing\dataset\RRSHID\moderate_fog\test\hazy\1098.png,0.6045196056365967,0.6755660911011541,16.528842837950208,5.4869695,0.0087432861328125,-0.00488282972946763,1.0019604264465738,7.342503070831299,6.135561466217041,0.3315484429407671,1.0681687593460083,0.02507946453988552
RR,moderate_fog,1101.png,D:\www\riset\dehazing\dataset\RRSHID\moderate_fog\test\hazy\1101.png,0.5600128173828125,0.6407824148539624,12.614577036476543,5.5390215,0.0089111328125,-0.002996972994878888,1.1265421110569556,8.571139335632324,6.156494617462158,0.3346028182464117,1.1557610034942627,0.026100903749465942
RR,moderate_fog,1108.png,D:\www\riset\dehazing\dataset\RRSHID\moderate_fog\test\hazy\1108.png,0.5118685364723206,0.5665836109834559,14.947880058764335,5.6133304,0.0175933837890625,-0.004213655833154917,1.951736491359694,8.288495063781738,5.32243537902832,0.2839384039701796,1.0064424276351929,0.01838187500834465
RR,moderate_fog,1134.png,D:\www\riset\dehazing\dataset\RRSHID\moderate_fog\test\hazy\1134.png,0.6025295853614807,0.6736360437729779,14.659408300180159,5.736461,0.0115509033203125,-0.003840760327875614,0.9039391721005948,7.421125888824463,5.874758720397949,0.30726204661409245,1.102142333984375,0.022246714681386948
RR,moderate_fog,1167.png,D:\www\riset\dehazing\dataset\RRSHID\moderate_fog\test\hazy\1167.png,0.468132346868515,0.5208018782871222,11.506232227276213,5.2762184,0.0025177001953125,-0.0029123956337571144,1.7291309626102862,7.083025932312012,5.128055095672607,0.43549362167195044,0.9030367732048035,0.013728485442698002
RR,moderate_fog,1190.png,D:\www\riset\dehazing\dataset\RRSHID\moderate_fog\test\hazy\1190.png,0.43452557921409607,0.5050673540900735,15.35355741973368,5.606175,0.0053558349609375,-0.005948454141616821,2.2803457163746113,7.087248802185059,5.861570358276367,0.42068212078597306,1.1269729137420654,0.021847838535904884
RR,moderate_fog,1201.png,D:\www\riset\dehazing\dataset\RRSHID\moderate_fog\test\hazy\1201.png,0.4502009153366089,0.5259717554827921,22.658127153093485,6.041034,0.0108795166015625,-0.010107534937560558,1.669843822398071,7.717844009399414,5.963400840759277,0.3774207304249409,1.153066635131836,0.02295568585395813
RR,moderate_fog,1209.png,D:\www\riset\dehazing\dataset\RRSHID\moderate_fog\test\hazy\1209.png,0.5735747218132019,0.6299968245761847,7.549263170035606,4.604634,0.00079345703125,-0.0008510036277584732,1.877948210783335,8.479743003845215,4.961267471313477,0.47436253644823234,0.8964684009552002,0.013181081041693687
RR,moderate_fog,1219.png,D:\www\riset\dehazing\dataset\RRSHID\moderate_fog\test\hazy\1219.png,0.4580230116844177,0.5732843137254902,19.893154748625804,5.988134,0.02557373046875,-0.008706740103662014,2.0640664385446956,10.53870677947998,6.623714923858643,0.19248276562954972,1.5329362154006958,0.03805302828550339
RR,moderate_fog,1233.png,D:\www\riset\dehazing\dataset\RRSHID\moderate_fog\test\hazy\1233.png,0.5036373138427734,0.5632627200457007,9.684454292809486,4.7999535,0.0016021728515625,-0.002141784643754363,2.3837500222502963,7.903561592102051,5.342435836791992,0.4689669050177701,0.9753084182739258,0.016202323138713837
RR,moderate_fog,1249.png,D:\www\riset\dehazing\dataset\RRSHID\moderate_fog\test\hazy\1249.png,0.5893734097480774,0.6774742974175347,10.390918276157437,5.164739,0.004974365234375,-0.001755236997269094,1.4788131373236275,9.473538398742676,6.089513778686523,0.4376638958084189,1.1486213207244873,0.02557983063161373
RR,moderate_fog,1253.png,D:\www\riset\dehazing\dataset\RRSHID\moderate_fog\test\hazy\1253.png,0.537867546081543,0.5916464412913603,23.76247723722276,6.4721055,0.0008544921875,-0.009230965748429298,0.38087038252841277,6.290960311889648,5.108124732971191,0.19835225286856695,0.8949783444404602,0.013870421797037125
RR,moderate_fog,1264.png,D:\www\riset\dehazing\dataset\RRSHID\moderate_fog\test\hazy\1264.png,0.5348990559577942,0.5999528274037479,10.93889979881137,4.5839844,0.01263427734375,-0.002314795507118106,3.178287317461713,9.881867408752441,5.296514511108398,0.4386578274898853,0.9757349491119385,0.016191668808460236
RR,moderate_fog,1271.png,D:\www\riset\dehazing\dataset\RRSHID\moderate_fog\test\hazy\1271.png,0.45171090960502625,0.5132754257301879,14.043603876357222,5.763764,0.0019683837890625,-0.005739243235439062,0.575744710726107,7.367432594299316,5.575143814086914,0.2818676888057515,1.000476360321045,0.017986346036195755
RR,moderate_fog,1294.png,D:\www\riset\dehazing\dataset\RRSHID\moderate_fog\test\hazy\1294.png,0.48729854822158813,0.5517080269607844,15.192195436808486,5.615132,0.0055694580078125,-0.004583986010402441,1.1895313294983711,7.971949577331543,5.722458362579346,0.4145618294053807,1.0632388591766357,0.020348167046904564
RR,moderate_fog,1299.png,D:\www\riset\dehazing\dataset\RRSHID\moderate_fog\test\hazy\1299.png,0.5107606053352356,0.5959586149726818,24.33255913779554,5.8310246,0.020843505859375,-0.010061274282634258,0.7794103099004991,10.79902458190918,6.319351673126221,0.3842275337751439,1.1152777671813965,0.02855045348405838
RR,moderate_fog,1305.png,D:\www\riset\dehazing\dataset\RRSHID\moderate_fog\test\hazy\1305.png,0.5558509230613708,0.6292135400709763,13.61427212338769,5.5426774,0.0092926025390625,-0.0037539212498813868,1.3146163294880708,10.000030517578125,5.686633586883545,0.44631666760643873,1.0421555042266846,0.02029430866241455
RR,moderate_fog,1311.png,D:\www\riset\dehazing\dataset\RRSHID\moderate_fog\test\hazy\1311.png,0.46247634291648865,0.538374498155382,10.921948009690011,5.3722315,0.0042266845703125,-0.0026356258895248175,1.007932068455338,8.210508346557617,5.895169258117676,0.3229757057080533,1.0716434717178345,0.022725187242031097
RR,moderate_fog,1321.png,D:\www\riset\dehazing\dataset\RRSHID\moderate_fog\test\hazy\1321.png,0.5969799757003784,0.6794925066380719,11.757804088296448,5.4505215,0.0055999755859375,-0.002559072570875287,0.9309120421196783,10.849679946899414,5.742133140563965,0.38236548083983074,1.0709609985351562,0.020817294716835022
RR,moderate_fog,1339.png,D:\www\riset\dehazing\dataset\RRSHID\moderate_fog\test\hazy\1339.png,0.5389806032180786,0.6321972217435151,20.540946047349404,5.8274517,0.0267486572265625,-0.007059223484247923,1.012612923705653,10.760442733764648,6.399139881134033,0.4078565942032548,1.1972652673721313,0.02978898398578167
RR,moderate_fog,134.png,D:\www\riset\dehazing\dataset\RRSHID\moderate_fog\test\hazy\134.png,0.5448548197746277,0.5931574802772671,8.279981362531537,4.7173996,0.0025482177734375,-0.0011999142589047551,2.3587868477762854,6.5783820152282715,4.9108147621154785,0.34295277668072544,0.9474079608917236,0.014073990285396576
RR,moderate_fog,136.png,D:\www\riset\dehazing\dataset\RRSHID\moderate_fog\test\hazy\136.png,0.5596566200256348,0.6207497191584967,7.024827393113205,4.588926,0.0057525634765625,-0.0008747008978389204,1.7682418909912936,6.4006428718566895,5.236730098724365,0.21532240194896862,1.0286723375320435,0.01716117188334465
RR,moderate_fog,1398.png,D:\www\riset\dehazing\dataset\RRSHID\moderate_fog\test\hazy\1398.png,0.610686182975769,0.683651873021344,13.32906613430624,5.5980625,0.0113677978515625,-0.0024263716768473387,1.011831214031558,6.807741641998291,6.155541896820068,0.21280321504204341,1.0997240543365479,0.02617989107966423
RR,moderate_fog,1408.png,D:\www\riset\dehazing\dataset\RRSHID\moderate_fog\test\hazy\1408.png,0.5845711827278137,0.6442490920521854,10.004611222056278,5.1615114,0.00274658203125,-0.0017053870251402259,1.174932134016036,7.514225006103516,5.506789207458496,0.30630756156151673,1.0316873788833618,0.0184934139251709
RR,moderate_fog,1414.png,D:\www\riset\dehazing\dataset\RRSHID\moderate_fog\test\hazy\1414.png,0.5784951448440552,0.6311055102379494,10.768939918979775,5.2661467,0.001922607421875,-0.002359415404498577,0.40431629068234315,6.729271411895752,5.382987976074219,0.24010506645233096,0.9798954129219055,0.016665469855070114
RR,moderate_fog,1443.png,D:\www\riset\dehazing\dataset\RRSHID\moderate_fog\test\hazy\1443.png,0.4776800572872162,0.5832175061593649,17.150365239036503,5.981678,0.0204315185546875,-0.006109254900366068,1.1109480583319524,8.80380630493164,6.579257965087891,0.36540300165848977,1.279609203338623,0.035548314452171326
RR,moderate_fog,145.png,D:\www\riset\dehazing\dataset\RRSHID\moderate_fog\test\hazy\145.png,0.5576956868171692,0.6331415114059947,15.000046368050123,5.3149195,0.0087890625,-0.004698457662016153,1.7425996098385115,14.3433256149292,5.67258882522583,0.15599163534008234,1.0924229621887207,0.02081669680774212
RR,moderate_fog,1453.png,D:\www\riset\dehazing\dataset\RRSHID\moderate_fog\test\hazy\1453.png,0.551824688911438,0.6162452049504697,15.760973322616412,5.8067045,0.0081634521484375,-0.004939628299325705,0.9949257980629245,8.952028274536133,5.630358695983887,0.2519142301186792,1.0430318117141724,0.019237203523516655
RR,moderate_fog,1463.png,D:\www\riset\dehazing\dataset\RRSHID\moderate_fog\test\hazy\1463.png,0.5044523477554321,0.5613577848945568,14.322239000507869,5.4099736,0.009033203125,-0.004085088614374399,2.1788353637289313,7.645746231079102,5.364253520965576,0.22404827253472948,0.9985334873199463,0.017408786341547966
RR,moderate_fog,1469.png,D:\www\riset\dehazing\dataset\RRSHID\moderate_fog\test\hazy\1469.png,0.4690186679363251,0.5482629514208027,12.523086778384469,5.4106064,0.0142364501953125,-0.004641692154109478,1.522351375301585,12.42843246459961,5.9824419021606445,0.16804104536486378,1.1396913528442383,0.024029426276683807
RR,moderate_fog,154.png,D:\www\riset\dehazing\dataset\RRSHID\moderate_fog\test\hazy\154.png,0.6227205395698547,0.7115486494076798,11.866193979797211,5.489919,0.023223876953125,-0.0018919181311503053,0.48259005993343157,7.794977188110352,6.067112922668457,0.4254468201424997,1.2279326915740967,0.027244536206126213
RR,moderate_fog,1542.png,D:\www\riset\dehazing\dataset\RRSHID\moderate_fog\test\hazy\1542.png,0.5256575345993042,0.5888218499476614,11.590057073512433,5.2061577,0.0045166015625,-0.0030746115371584892,1.2593932910136008,10.015247344970703,5.4170942306518555,0.22740606580343367,1.0401966571807861,0.01808304153382778
RR,moderate_fog,1543.png,D:\www\riset\dehazing\dataset\RRSHID\moderate_fog\test\hazy\1543.png,0.5033098459243774,0.592498460158803,13.00060417700316,5.4366937,0.018524169921875,-0.003803754225373268,0.9151048600552952,9.79924201965332,6.20986795425415,0.2476199260305273,1.2087008953094482,0.027795888483524323
RR,moderate_fog,1555.png,D:\www\riset\dehazing\dataset\RRSHID\moderate_fog\test\hazy\1555.png,0.5749858617782593,0.6511708378012663,9.712515766228886,5.254819,0.01171875,-0.0014497138326987624,0.5942366943089006,7.1497392654418945,5.901577949523926,0.4488103681064408,1.1371996402740479,0.023709163069725037
RR,moderate_fog,1561.png,D:\www\riset\dehazing\dataset\RRSHID\moderate_fog\test\hazy\1561.png,0.5853156447410583,0.6654934552759906,15.268353521463185,5.6200857,0.0137481689453125,-0.004082212690263987,0.8991139203320583,11.784528732299805,5.764618396759033,0.26978947507602175,1.1509357690811157,0.022818289697170258
RR,moderate_fog,1563.png,D:\www\riset\dehazing\dataset\RRSHID\moderate_fog\test\hazy\1563.png,0.5505724549293518,0.6183517356324041,9.144058538461726,4.7193537,0.010467529296875,-0.001592596061527729,2.3735869591746486,7.138613700866699,5.719223976135254,0.18360751974790543,1.127238392829895,0.02170374244451523
RR,moderate_fog,1601.png,D:\www\riset\dehazing\dataset\RRSHID\moderate_fog\test\hazy\1601.png,0.4777364432811737,0.5517004474315769,19.101671456632513,5.767747,0.0053558349609375,-0.009439073503017426,0.20026052167801156,18.292722702026367,5.396096229553223,0.07998754045766904,0.9920498132705688,0.016759177669882774
RR,moderate_fog,1606.png,D:\www\riset\dehazing\dataset\RRSHID\moderate_fog\test\hazy\1606.png,0.46347320079803467,0.577192658069087,20.961856102518965,6.2428637,0.0,-0.006803983356803656,0.21160541111409104,29.812793731689453,4.364588737487793,0.003613438056334657,0.6741147637367249,0.008527811616659164
RR,moderate_fog,1608.png,D:\www\riset\dehazing\dataset\RRSHID\moderate_fog\test\hazy\1608.png,0.44920530915260315,0.5708248562282986,11.453971759567368,5.3624,0.0003509521484375,-0.002243212191388011,0.8572573481927365,22.58562660217285,5.179618835449219,0.004035765534561759,0.8534274101257324,0.013771448284387589
RR,moderate_fog,163.png,D:\www\riset\dehazing\dataset\RRSHID\moderate_fog\test\hazy\163.png,0.4386555850505829,0.5034724216835171,9.134346647882115,4.91103,0.00933837890625,-0.0021761786192655563,1.9546187812740339,5.651098251342773,5.717637062072754,0.3769347333035872,1.1230921745300293,0.021708175539970398
RR,moderate_fog,1636.png,D:\www\riset\dehazing\dataset\RRSHID\moderate_fog\test\hazy\1636.png,0.5241939425468445,0.6488190096188214,10.249780604755108,5.3527846,0.0,-0.0014608133351430297,-0.25987993635183576,26.473533630371094,4.730929851531982,0.0038543971846148693,0.7944808006286621,0.011271758005023003
RR,moderate_fog,1666.png,D:\www\riset\dehazing\dataset\RRSHID\moderate_fog\test\hazy\1666.png,0.5121501684188843,0.6368011474609375,14.92525230809735,5.778037,0.0,-0.0028610334265977144,-0.23336468773122113,30.797813415527344,4.310019016265869,0.0027683999155808095,0.6697003841400146,0.008321486413478851
RR,moderate_fog,1673.png,D:\www\riset\dehazing\dataset\RRSHID\moderate_fog\test\hazy\1673.png,0.48036304116249084,0.6165626874936173,8.501266597629288,5.1049576,0.0008697509765625,-0.0014663796173408628,0.2628482526031157,29.12059783935547,5.232536315917969,0.0034841206454645475,0.8460288047790527,0.014084042981266975
RR,moderate_fog,1691.png,D:\www\riset\dehazing\dataset\RRSHID\moderate_fog\test\hazy\1691.png,0.48526108264923096,0.6231705410028594,8.373646768267319,5.0626097,0.0021209716796875,-0.001571487169712782,0.3342959984893441,29.175622940063477,5.173340797424316,0.0031636214314067507,0.8506524562835693,0.013755648396909237
RR,moderate_fog,1706.png,D:\www\riset\dehazing\dataset\RRSHID\moderate_fog\test\hazy\1706.png,0.5547477006912231,0.6928804883769915,7.770363203094972,4.917504,0.0,-0.0009074757690541446,-0.16911126892478842,28.18358039855957,4.165185451507568,0.00222337340196692,0.6262984275817871,0.007576857227832079
RR,moderate_fog,1741.png,D:\www\riset\dehazing\dataset\RRSHID\moderate_fog\test\hazy\1741.png,0.48801377415657043,0.6413945216758579,15.021549994215379,5.8016148,0.0006561279296875,-0.004432386718690395,-0.989742689406369,26.311864852905273,5.606070041656494,0.005583064612669018,0.9887546896934509,0.01879667490720749
RR,moderate_fog,1787.png,D:\www\riset\dehazing\dataset\RRSHID\moderate_fog\test\hazy\1787.png,0.5580649971961975,0.6912775376263787,12.17958226561428,5.4775367,0.0,-0.002015219535678625,-0.22416695621201344,28.60414695739746,4.02348518371582,0.0031653273003280926,0.6748939156532288,0.008303415030241013
RR,moderate_fog,1809.png,D:\www\riset\dehazing\dataset\RRSHID\moderate_fog\test\hazy\1809.png,0.5079172849655151,0.6342252444597631,17.71718096917979,6.0486503,0.0,-0.005147138144820929,-0.15310445912953222,29.868070602416992,4.317882537841797,0.0033578364467161965,0.6954817771911621,0.008629774674773216
RR,moderate_fog,1810.png,D:\www\riset\dehazing\dataset\RRSHID\moderate_fog\test\hazy\1810.png,0.4503933787345886,0.5655398300270629,22.565159725746597,6.41144,0.0,-0.009186332114040852,-0.14415580850829915,29.032852172851562,4.440721035003662,0.004217676369152365,0.706727921962738,0.009103575721383095
RR,moderate_fog,1814.png,D:\www\riset\dehazing\dataset\RRSHID\moderate_fog\test\hazy\1814.png,0.4788656234741211,0.6056467692057291,15.239678681345406,5.8459616,0.0,-0.003876046510413289,0.5059049269259815,27.36847686767578,4.846501350402832,0.005010535032317195,0.7995879650115967,0.011510275304317474
RR,moderate_fog,1822.png,D:\www\riset\dehazing\dataset\RRSHID\moderate_fog\test\hazy\1822.png,0.5554094910621643,0.6920337951261234,10.337220912004456,5.3397946,0.0,-0.0013623101403936744,-0.23958435391490107,27.870540618896484,4.129964351654053,0.002341032783324135,0.6414175629615784,0.0077675022184848785
RR,moderate_fog,1844.png,D:\www\riset\dehazing\dataset\RRSHID\moderate_fog\test\hazy\1844.png,0.613823652267456,0.7363431843277676,5.183498657822399,4.2816315,0.0,-0.00029561002156697214,0.2182995065027086,23.694026947021484,3.6579818725585938,0.0029168452226435685,0.5580742955207825,0.005935607478022575
RR,moderate_fog,1856.png,D:\www\riset\dehazing\dataset\RRSHID\moderate_fog\test\hazy\1856.png,0.6173353791236877,0.7407513986226001,5.498295943151823,4.1375937,0.0,-0.000303922250168398,0.5191019729877281,25.118173599243164,3.4064388275146484,0.002066999815580926,0.5099921226501465,0.005171832628548145
RR,moderate_fog,1869.png,D:\www\riset\dehazing\dataset\RRSHID\moderate_fog\test\hazy\1869.png,0.6182579398155212,0.7463829489315257,3.9327386378368208,3.8384473,0.0,-0.00010151803871849552,0.4126350854136433,25.00051498413086,3.5389626026153564,0.0017739805654680425,0.5342977046966553,0.0054742563515901566
RR,moderate_fog,1873.png,D:\www\riset\dehazing\dataset\RRSHID\moderate_fog\test\hazy\1873.png,0.6061744093894958,0.7276765711167279,10.796267057903592,5.065183,0.0,-0.0010782394092530012,0.004723907789766187,26.242979049682617,3.3106510639190674,0.0026143877445742214,0.48733702301979065,0.004891910124570131
RR,moderate_fog,1899.png,D:\www\riset\dehazing\dataset\RRSHID\moderate_fog\test\hazy\1899.png,0.6231105327606201,0.741656414356107,3.6928504681682695,3.84943,0.0,-0.00022599550720769912,0.15256704347162445,24.509021759033203,3.497419834136963,0.002190618199241923,0.5213676691055298,0.005207972601056099
RR,moderate_fog,1900.png,D:\www\riset\dehazing\dataset\RRSHID\moderate_fog\test\hazy\1900.png,0.5929601192474365,0.7142739489187602,5.857214928767659,4.503542,0.0,-0.00046012047096155584,-0.14673132128197922,24.57491111755371,3.901646614074707,0.002955450118565589,0.6124734282493591,0.006797281093895435
RR,moderate_fog,1929.png,D:\www\riset\dehazing\dataset\RRSHID\moderate_fog\test\hazy\1929.png,0.624341607093811,0.7467790192248774,4.564925890782032,4.0584927,0.0,-0.00023646662884857506,-0.8805742374006589,24.845130920410156,3.3221683502197266,0.002639734474425659,0.4870060682296753,0.0047506908886134624
RR,moderate_fog,193.png,D:\www\riset\dehazing\dataset\RRSHID\moderate_fog\test\hazy\193.png,0.46911728382110596,0.5514844707414216,15.894290118774347,5.8933325,0.0081329345703125,-0.005946420133113861,0.2956472886934319,12.478944778442383,5.94486665725708,0.16677821770650803,1.104917049407959,0.023766854777932167
RR,moderate_fog,1931.png,D:\www\riset\dehazing\dataset\RRSHID\moderate_fog\test\hazy\1931.png,0.6073710322380066,0.7271917006548714,6.414481581449474,4.6211276,0.0,-0.00040138870826922357,-0.06904750018594602,24.803281784057617,3.4085564613342285,0.002325228354913688,0.5107769966125488,0.005037193652242422
RR,moderate_fog,1935.png,D:\www\riset\dehazing\dataset\RRSHID\moderate_fog\test\hazy\1935.png,0.5998952388763428,0.7238994723051981,10.282667643306809,5.183617,0.0,-0.0010608416050672531,-0.32304074970759106,26.184978485107422,3.6373093128204346,0.002690529475772148,0.5699477195739746,0.005961342249065638
RR,moderate_fog,1961.png,D:\www\riset\dehazing\dataset\RRSHID\moderate_fog\test\hazy\1961.png,0.5435155034065247,0.6538523755042381,13.148936723408985,5.6117086,0.0,-0.002059781923890114,-0.28935896467450034,26.965425491333008,4.404041290283203,0.04945295270476273,0.7207277417182922,0.009147136472165585
RR,moderate_fog,1985.png,D:\www\riset\dehazing\dataset\RRSHID\moderate_fog\test\hazy\1985.png,0.550990879535675,0.6767478593813827,13.23292995996803,5.622604,0.0,-0.001856132410466671,0.025804884002183292,25.66645050048828,4.932266712188721,0.003671812377952567,0.8045834302902222,0.012435254640877247
RR,moderate_fog,1989.png,D:\www\riset\dehazing\dataset\RRSHID\moderate_fog\test\hazy\1989.png,0.5450740456581116,0.6645740982753778,13.931603683332522,5.719697,0.0,-0.002207137644290924,0.04232574688201244,25.90232276916504,4.94914436340332,0.004378974855374319,0.8108734488487244,0.01217244565486908
RR,moderate_fog,2040.png,D:\www\riset\dehazing\dataset\RRSHID\moderate_fog\test\hazy\2040.png,0.5667704939842224,0.6847425273820466,8.607636985001689,5.059202,0.0017852783203125,-0.0013580351369455457,-0.6749279260289333,23.29859161376953,5.5203166007995605,0.48132396617195716,0.9571554064750671,0.017467545345425606
RR,moderate_fog,2041.png,D:\www\riset\dehazing\dataset\RRSHID\moderate_fog\test\hazy\2041.png,0.5475223064422607,0.6521373873442606,7.318256126730589,4.840974,0.00238037109375,-0.0011777459876611829,-0.04374409884903669,21.25776481628418,5.223236560821533,0.437646163369401,0.9072450995445251,0.01481011975556612
RR,moderate_fog,2044.png,D:\www\riset\dehazing\dataset\RRSHID\moderate_fog\test\hazy\2044.png,0.6100175380706787,0.727002032909518,7.944162968037407,4.8051767,0.0,-0.0012345453724265099,-0.08988325416173809,25.196426391601562,5.018928527832031,0.45101762529163525,0.8530229330062866,0.013045845553278923
RR,moderate_fog,2049.png,D:\www\riset\dehazing\dataset\RRSHID\moderate_fog\test\hazy\2049.png,0.5509776473045349,0.6699185240502451,9.094422759367577,5.147331,0.0,-0.0012503116158768535,0.06479537904069495,24.065149307250977,5.191966533660889,0.18149486286262373,0.8538761734962463,0.014122817665338516
RR,moderate_fog,2060.png,D:\www\riset\dehazing\dataset\RRSHID\moderate_fog\test\hazy\2060.png,0.5475786328315735,0.6445804172092013,11.136994855153201,5.4389825,0.0,-0.0014551389031112194,0.1558706921934304,22.95878028869629,4.216186046600342,0.008769901064546457,0.7077714204788208,0.008304132148623466
RR,moderate_fog,2061.png,D:\www\riset\dehazing\dataset\RRSHID\moderate_fog\test\hazy\2061.png,0.5318147540092468,0.6419433394288705,9.042391958016706,5.163871,0.0,-0.001119030057452619,0.42039481555883335,22.132347106933594,5.03286600112915,0.039742970820517656,0.8485438227653503,0.013027416542172432
RR,moderate_fog,2106.png,D:\www\riset\dehazing\dataset\RRSHID\moderate_fog\test\hazy\2106.png,0.5847380757331848,0.6998203651577819,5.314320308310361,4.3750176,0.0,-0.0005262238555587828,0.44219817674043393,23.169692993164062,5.211328983306885,0.1006617818171824,0.8420466184616089,0.013739014975726604
RR,moderate_fog,2107.png,D:\www\riset\dehazing\dataset\RRSHID\moderate_fog\test\hazy\2107.png,0.591482400894165,0.7033914403977737,7.235656223107732,4.8059964,0.0,-0.0007535570184700191,-0.0407770525347187,22.81369972229004,4.8229217529296875,0.0791767388826676,0.8152405619621277,0.011639045551419258
RR,moderate_fog,2108.png,D:\www\riset\dehazing\dataset\RRSHID\moderate_fog\test\hazy\2108.png,0.5365896821022034,0.6520317326963337,9.836246209234586,5.2113223,0.0001220703125,-0.0012649083510041237,0.7617509465201135,22.749183654785156,5.201045036315918,0.08235423525018858,0.8935032486915588,0.015050909481942654
RR,moderate_fog,2116.png,D:\www\riset\dehazing\dataset\RRSHID\moderate_fog\test\hazy\2116.png,0.44021880626678467,0.5450402153862847,18.07977302040169,6.072772,0.0,-0.005707524251192808,0.6077189613134716,23.448261260986328,5.275697231292725,0.06304362768456682,0.8789505958557129,0.014272775501012802
RR,moderate_fog,2132.png,D:\www\riset\dehazing\dataset\RRSHID\moderate_fog\test\hazy\2132.png,0.44413769245147705,0.5863010182100183,13.64404201845445,5.7909613,0.0209808349609375,-0.005143937189131975,0.04049753969149779,22.864124298095703,6.415283203125,0.47761311451185495,1.205932855606079,0.03019995614886284
RR,moderate_fog,2143.png,D:\www\riset\dehazing\dataset\RRSHID\moderate_fog\test\hazy\2143.png,0.5156450867652893,0.6373190886054942,10.973971312681428,5.3571863,0.00115966796875,-0.00201933435164392,-0.4204644426406084,23.565406799316406,5.537142753601074,0.22094937044930524,0.946914792060852,0.017085416242480278
RR,moderate_fog,2146.png,D:\www\riset\dehazing\dataset\RRSHID\moderate_fog\test\hazy\2146.png,0.5910828709602356,0.7046822741140727,6.39511497702961,4.614358,0.0,-0.0006150073022581637,-0.3007612776908126,24.73679542541504,4.399754047393799,0.03729526559669044,0.7344509363174438,0.009532615542411804
RR,moderate_fog,2174.png,D:\www\riset\dehazing\dataset\RRSHID\moderate_fog\test\hazy\2174.png,0.4407083988189697,0.5631612740310968,12.648574376991059,5.646275,0.0131988525390625,-0.004237517714500427,0.2536719704873005,17.992185592651367,6.185295104980469,0.44367786193125835,1.1264777183532715,0.02617415226995945
RR,moderate_fog,2236.png,D:\www\riset\dehazing\dataset\RRSHID\moderate_fog\test\hazy\2236.png,0.5751884579658508,0.6800845875459559,9.336331702931899,5.0523896,0.0,-0.001181841129437089,-0.7020992052885054,23.66812515258789,4.438111305236816,0.023947002896814118,0.7281812429428101,0.00938912108540535
RR,moderate_fog,2237.png,D:\www\riset\dehazing\dataset\RRSHID\moderate_fog\test\hazy\2237.png,0.5838956832885742,0.6917123034109477,5.254645386694097,4.362952,0.0,-0.000418451294535771,0.32592922326242263,22.42325210571289,4.632216453552246,0.02366022956691589,0.7607276439666748,0.010611621662974358
RR,moderate_fog,2261.png,D:\www\riset\dehazing\dataset\RRSHID\moderate_fog\test\hazy\2261.png,0.4787081480026245,0.6029964471954146,10.876077330126249,5.3916426,0.008514404296875,-0.002709018997848034,-0.0009028051933044262,20.58687973022461,6.115472793579102,0.41943708119468376,1.1025269031524658,0.024060416966676712
RR,moderate_fog,2297.png,D:\www\riset\dehazing\dataset\RRSHID\moderate_fog\test\hazy\2297.png,0.5057458877563477,0.6320668338950163,47.22108366881704,6.456916,0.014923095703125,-0.03192299231886864,0.31617842297307636,20.7490291595459,5.713666915893555,0.037644289046564396,0.9668298363685608,0.017210958525538445
RR,moderate_fog,2299.png,D:\www\riset\dehazing\dataset\RRSHID\moderate_fog\test\hazy\2299.png,0.5573615431785583,0.6865094752093546,18.758850395836753,5.878607,0.0,-0.0041085779666900635,0.5215927814291929,21.227977752685547,5.028751850128174,0.006500525921426471,0.7984055876731873,0.011397537775337696
RR,moderate_fog,2313.png,D:\www\riset\dehazing\dataset\RRSHID\moderate_fog\test\hazy\2313.png,0.5658285617828369,0.6874503141914318,16.20876140325633,5.943794,0.0,-0.0037873226683586836,-0.038610191435731196,19.217449188232422,5.259332180023193,0.010817334420304877,0.8623965382575989,0.01392535213381052
RR,moderate_fog,2331.png,D:\www\riset\dehazing\dataset\RRSHID\moderate_fog\test\hazy\2331.png,0.5222686529159546,0.6396130131740196,12.315438081500488,5.562822,0.00018310546875,-0.002240424742922187,0.09365538921425805,18.404916763305664,5.4112372398376465,0.03751514720656978,0.9065076112747192,0.015184231102466583
RR,moderate_fog,2350.png,D:\www\riset\dehazing\dataset\RRSHID\moderate_fog\test\hazy\2350.png,0.510766327381134,0.6289147470511642,14.280879768832605,5.7975674,0.0001373291015625,-0.0033380119130015373,0.4871586171747498,18.69336700439453,5.408077239990234,0.04047096926664365,0.8986353874206543,0.015108834952116013
RR,moderate_fog,2386.png,D:\www\riset\dehazing\dataset\RRSHID\moderate_fog\test\hazy\2386.png,0.5215854048728943,0.6266770306755515,10.786862083189224,5.349716,0.0003509521484375,-0.001712529337964952,0.36914582265162776,18.019287109375,4.647757053375244,0.009143402716097104,0.7274255156517029,0.009794110432267189
RR,moderate_fog,2405.png,D:\www\riset\dehazing\dataset\RRSHID\moderate_fog\test\hazy\2405.png,0.5588632822036743,0.670419491038603,8.903124077895281,5.0581903,0.000213623046875,-0.0011025014100596309,0.9084091896812057,16.81098747253418,4.777485370635986,0.008411211769683217,0.7814395427703857,0.010456280782818794
RR,moderate_fog,2408.png,D:\www\riset\dehazing\dataset\RRSHID\moderate_fog\test\hazy\2408.png,0.4462451636791229,0.5391578624451082,11.518444870257118,5.058592,0.0013275146484375,-0.0027484307065606117,2.5670226752899765,16.749393463134766,4.635140895843506,0.03928607471749772,0.7910117506980896,0.009482829831540585
RR,moderate_fog,2427.png,D:\www\riset\dehazing\dataset\RRSHID\moderate_fog\test\hazy\2427.png,0.6081621050834656,0.7234249937768076,8.079797698332943,4.963877,0.0,-0.0010875653242692351,-0.1427107754289352,17.8868350982666,4.38238000869751,0.007209527463538338,0.7448916435241699,0.008805099874734879
RR,moderate_fog,2434.png,D:\www\riset\dehazing\dataset\RRSHID\moderate_fog\test\hazy\2434.png,0.45824453234672546,0.5651407678142871,9.88690728048453,5.2515793,0.000823974609375,-0.0019990713335573673,0.13200280116759597,18.560338973999023,4.9245405197143555,0.10809860155296587,0.8885226845741272,0.012167898938059807
RR,moderate_fog,2444.png,D:\www\riset\dehazing\dataset\RRSHID\moderate_fog\test\hazy\2444.png,0.5968605875968933,0.7115831961039624,7.4059284487844685,4.495601,0.0,-0.0007825484499335289,2.198191580443669,16.497814178466797,4.632500648498535,0.006466472810202108,0.7331961989402771,0.010039684362709522
RR,moderate_fog,2446.png,D:\www\riset\dehazing\dataset\RRSHID\moderate_fog\test\hazy\2446.png,0.5565571784973145,0.6682215871374592,12.60020469673833,5.432171,0.00152587890625,-0.002258353168144822,0.562586115327896,16.854522705078125,4.622379302978516,0.007365352245224239,0.7842938303947449,0.01002400740981102
RR,moderate_fog,2447.png,D:\www\riset\dehazing\dataset\RRSHID\moderate_fog\test\hazy\2447.png,0.5290086269378662,0.6305976817810457,11.308663871692678,5.300485,0.0009765625,-0.002267409348860383,0.7360855004349004,15.756840705871582,4.3055243492126465,0.007131113646954842,0.725808322429657,0.008932674303650856
RR,moderate_fog,2474.png,D:\www\riset\dehazing\dataset\RRSHID\moderate_fog\test\hazy\2474.png,0.5696085095405579,0.6842197991664114,9.026014381557431,5.034975,0.003936767578125,-0.001267560408450663,1.3819679957806852,16.850805282592773,4.842164039611816,0.007419508166682235,0.7643065452575684,0.011227237991988659
RR,moderate_fog,2483.png,D:\www\riset\dehazing\dataset\RRSHID\moderate_fog\test\hazy\2483.png,0.5690534114837646,0.6951509961894914,10.155607818649008,5.2163024,0.0,-0.001903755939565599,-0.5433029481376258,20.84217643737793,4.557077407836914,0.006056654194988643,0.7723771929740906,0.01011555828154087
RR,moderate_fog,2505.png,D:\www\riset\dehazing\dataset\RRSHID\moderate_fog\test\hazy\2505.png,0.5863066911697388,0.6718020570044424,12.031541538421894,5.461984,0.00653076171875,-0.002372040180489421,1.061625130240121,16.4593505859375,5.182372570037842,0.24610628292531073,0.8665476441383362,0.013762829825282097
RR,moderate_fog,2550.png,D:\www\riset\dehazing\dataset\RRSHID\moderate_fog\test\hazy\2550.png,0.56327223777771,0.6812859628714767,12.286282806414782,5.631903,0.0001678466796875,-0.0015147278318181634,0.3221630480635423,16.456928253173828,5.511570930480957,0.011529083388219983,0.9117833971977234,0.017841175198554993
RR,moderate_fog,2561.png,D:\www\riset\dehazing\dataset\RRSHID\moderate_fog\test\hazy\2561.png,0.45405223965644836,0.534861984751583,10.764875121326666,5.3373284,0.0030364990234375,-0.0026702918112277985,1.2644551741699084,14.795524597167969,5.527080059051514,0.3744295062230404,1.031044602394104,0.017270799726247787
RR,moderate_fog,2583.png,D:\www\riset\dehazing\dataset\RRSHID\moderate_fog\test\hazy\2583.png,0.5448794960975647,0.6517196356081495,7.568394651699914,4.901177,9.1552734375e-05,-0.0009027955238707364,0.6856317265233121,17.817888259887695,5.211898326873779,0.021447082694935834,0.8859682679176331,0.014355468563735485
RR,moderate_fog,2585.png,D:\www\riset\dehazing\dataset\RRSHID\moderate_fog\test\hazy\2585.png,0.5918257832527161,0.6879182503893484,10.065702680912676,5.265052,0.00152587890625,-0.0014347280375659466,0.4339672950044533,16.831085205078125,4.773757457733154,0.04655322194575172,0.8241583704948425,0.011173023842275143
RR,moderate_fog,2615.png,D:\www\riset\dehazing\dataset\RRSHID\moderate_fog\test\hazy\2615.png,0.48833051323890686,0.5839936300040849,14.476761975195283,5.789714,0.001922607421875,-0.003504269989207387,0.8233442878657354,14.924449920654297,5.175240993499756,0.06301889963187289,0.895695686340332,0.013627716340124607
RR,moderate_fog,2637.png,D:\www\riset\dehazing\dataset\RRSHID\moderate_fog\test\hazy\2637.png,0.44835126399993896,0.5574970519620609,12.694515450903655,5.604905,0.00128173828125,-0.003070521866902709,-0.34570502550919907,16.1719970703125,5.470660209655762,0.051576628544423284,1.0197855234146118,0.017173977568745613
RR,moderate_fog,2650.png,D:\www\riset\dehazing\dataset\RRSHID\moderate_fog\test\hazy\2650.png,0.576453685760498,0.6750452577678208,12.731015248072813,5.6168227,0.000152587890625,-0.002000575652346015,0.038605210987257,17.421117782592773,4.432125091552734,0.0076832839207678135,0.7016996145248413,0.008627619594335556
RR,moderate_fog,2689.png,D:\www\riset\dehazing\dataset\RRSHID\moderate_fog\test\hazy\2689.png,0.5764294862747192,0.6876813901016136,9.199569470698888,5.192356,0.000518798828125,-0.0012749341549351811,0.16659861006787688,18.37344741821289,4.575526237487793,0.006482825871697954,0.7923469543457031,0.01039428636431694
RR,moderate_fog,2691.png,D:\www\riset\dehazing\dataset\RRSHID\moderate_fog\test\hazy\2691.png,0.6144916415214539,0.7239982455384497,12.311862284500267,5.381503,0.0,-0.0015259343199431896,0.48080695895225917,18.204622268676758,4.303168296813965,0.0070907128870186,0.6902081966400146,0.008410287089645863
RR,moderate_fog,2719.png,D:\www\riset\dehazing\dataset\RRSHID\moderate_fog\test\hazy\2719.png,0.5060279369354248,0.6193526922487745,20.16630492411016,5.930997,0.0,-0.005853729788213968,-0.33098511861932006,28.508926391601562,3.7135252952575684,0.0038560335057188254,0.5258650779724121,0.005720431916415691
RR,moderate_fog,2720.png,D:\www\riset\dehazing\dataset\RRSHID\moderate_fog\test\hazy\2720.png,0.577759325504303,0.6997173633450776,10.797627206744522,5.1954823,0.0,-0.0013979766517877579,0.4107487488810306,27.22341537475586,3.5302603244781494,0.0038869685680786668,0.5426536202430725,0.005207017995417118
RR,moderate_fog,2790.png,D:\www\riset\dehazing\dataset\RRSHID\moderate_fog\test\hazy\2790.png,0.5088821649551392,0.6231895895565257,16.55308425116496,5.9405713,0.0,-0.004396101459860802,-0.3968051859100054,27.6087646484375,4.177000999450684,0.02594535332574479,0.6765717267990112,0.007573985960334539
RR,moderate_fog,2791.png,D:\www\riset\dehazing\dataset\RRSHID\moderate_fog\test\hazy\2791.png,0.567436695098877,0.6895071790109273,14.233073204464963,5.7812214,0.0,-0.002764242934063077,0.16135480197073412,28.00490379333496,3.951859951019287,0.00995422229291858,0.5698271989822388,0.006570376455783844
RR,moderate_fog,2809.png,D:\www\riset\dehazing\dataset\RRSHID\moderate_fog\test\hazy\2809.png,0.49665793776512146,0.6160737679674734,10.078720335417009,5.177367,0.0,-0.0021171753760427237,0.5155222839533736,24.365976333618164,4.610630035400391,0.017351289234979746,0.7628181576728821,0.010141410864889622
RR,moderate_fog,2836.png,D:\www\riset\dehazing\dataset\RRSHID\moderate_fog\test\hazy\2836.png,0.5228126049041748,0.6358666314019097,14.666195650203296,5.5081573,0.0,-0.0037415670230984688,-0.7579807783888829,26.242395401000977,4.371021270751953,0.0812669089299872,0.6554904580116272,0.00788993202149868
RR,moderate_fog,2839.png,D:\www\riset\dehazing\dataset\RRSHID\moderate_fog\test\hazy\2839.png,0.4434317648410797,0.5551550372753268,14.165306775056093,5.727178,0.0001220703125,-0.003698158310726285,0.4954706569113778,23.824310302734375,5.087203025817871,0.10229305997519733,0.8311316967010498,0.012750367633998394
RR,moderate_fog,2859.png,D:\www\riset\dehazing\dataset\RRSHID\moderate_fog\test\hazy\2859.png,0.4736579656600952,0.584735067529616,9.151649378697066,5.199856,0.001068115234375,-0.0016220241086557508,0.2759022655128016,21.856725692749023,4.936338424682617,0.09373178103385024,0.8155760169029236,0.012069882825016975
RR,moderate_fog,2888.png,D:\www\riset\dehazing\dataset\RRSHID\moderate_fog\test\hazy\2888.png,0.4388796091079712,0.5542786043453839,9.790774608767848,5.1970887,0.0019683837890625,-0.0023575404193252325,1.1685958495178654,22.24957847595215,5.318097114562988,0.145097667167881,0.9223939180374146,0.015042416751384735
RR,moderate_fog,2913.png,D:\www\riset\dehazing\dataset\RRSHID\moderate_fog\test\hazy\2913.png,0.5094273090362549,0.6278356414994384,15.555706899227914,5.9538784,0.0,-0.004075936507433653,0.10801293193191493,26.00646209716797,4.797319412231445,0.06981269886612444,0.8401617407798767,0.010608270764350891
RR,moderate_fog,292.png,D:\www\riset\dehazing\dataset\RRSHID\moderate_fog\test\hazy\292.png,0.6042767763137817,0.6721186818640217,9.152828101457214,5.142297,0.009063720703125,-0.0014340846100822091,0.6777139427083037,6.773021697998047,5.753992080688477,0.1827705568647714,1.073193907737732,0.02082124724984169
RR,moderate_fog,320.png,D:\www\riset\dehazing\dataset\RRSHID\moderate_fog\test\hazy\320.png,0.5496178865432739,0.6239751678666259,14.299980784563294,5.8124743,0.002166748046875,-0.00500728003680706,0.0013056022028545416,9.804875373840332,5.797789573669434,0.16172091473415187,0.9802855253219604,0.02018013782799244
RR,moderate_fog,337.png,D:\www\riset\dehazing\dataset\RRSHID\moderate_fog\test\hazy\337.png,0.5785210728645325,0.6347101149216198,7.426822959126991,4.4330993,0.003204345703125,-0.0009459124994464219,2.629241998220431,6.56945276260376,5.270012378692627,0.4117045814979835,0.9933996796607971,0.016910206526517868
RR,moderate_fog,338.png,D:\www\riset\dehazing\dataset\RRSHID\moderate_fog\test\hazy\338.png,0.6040022969245911,0.6564343820210377,7.488540772878769,4.4714246,0.0036163330078125,-0.0010644762078300118,2.5733617691125077,6.610917091369629,5.1123762130737305,0.4352291582829681,0.9749103784561157,0.015933405607938766
RR,moderate_fog,35.png,D:\www\riset\dehazing\dataset\RRSHID\moderate_fog\test\hazy\35.png,0.5066211819648743,0.5715170068678513,13.463852179796922,5.598155,0.0057525634765625,-0.003176693571731448,1.3367300450658164,5.245614528656006,5.849306583404541,0.41304768115777135,1.1040878295898438,0.022046618163585663
RR,moderate_fog,360.png,D:\www\riset\dehazing\dataset\RRSHID\moderate_fog\test\hazy\360.png,0.5345422625541687,0.5859756369995915,7.502672382924249,4.6420403,0.0013275146484375,-0.0010231389896944165,2.283008770239747,6.125648498535156,5.280671119689941,0.39698375449792106,0.9159746170043945,0.01490382943302393
RR,moderate_fog,373.png,D:\www\riset\dehazing\dataset\RRSHID\moderate_fog\test\hazy\373.png,0.5679161548614502,0.6209366143918504,10.245228644693253,5.1914415,0.0091400146484375,-0.001898292568512261,1.5142578548731054,6.876452445983887,5.3478240966796875,0.3907518052774269,1.0218462944030762,0.017648853361606598
RR,moderate_fog,411.png,D:\www\riset\dehazing\dataset\RRSHID\moderate_fog\test\hazy\411.png,0.5696464776992798,0.6196511461843852,12.289886701872367,5.485485,0.005340576171875,-0.002296059625223279,1.054159250823773,7.189294338226318,5.202432155609131,0.3944003428538891,0.9927985668182373,0.016341865062713623
RR,moderate_fog,417.png,D:\www\riset\dehazing\dataset\RRSHID\moderate_fog\test\hazy\417.png,0.45167580246925354,0.5224714690563725,10.229538249956818,5.0912676,0.0076751708984375,-0.0029527570586651564,1.5761941942281847,6.565411567687988,5.990941047668457,0.42261087694934374,1.1425726413726807,0.02417256124317646
RR,moderate_fog,451.png,D:\www\riset\dehazing\dataset\RRSHID\moderate_fog\test\hazy\451.png,0.612289547920227,0.6556098888122958,15.594846413352657,5.875108,0.0023040771484375,-0.0030298244673758745,0.4101714394648412,5.306507587432861,5.052491664886475,0.41233687458403206,0.9142320156097412,0.014332969672977924
RR,moderate_fog,454.png,D:\www\riset\dehazing\dataset\RRSHID\moderate_fog\test\hazy\454.png,0.5942317247390747,0.6400719736136642,13.295841460249477,5.5258827,0.0058135986328125,-0.002332013566046953,1.0246847268599397,6.181023120880127,4.946662902832031,0.3887164578847926,0.9329746961593628,0.014134666882455349
RR,moderate_fog,49.png,D:\www\riset\dehazing\dataset\RRSHID\moderate_fog\test\hazy\49.png,0.555046796798706,0.6224950453814339,15.804833043199247,5.838116,0.008514404296875,-0.0050936611369252205,0.8861116667946923,9.1754732131958,5.743066310882568,0.2456665036619409,1.0654950141906738,0.02057303488254547
RR,moderate_fog,579.png,D:\www\riset\dehazing\dataset\RRSHID\moderate_fog\test\hazy\579.png,0.6033303141593933,0.6763229070925245,12.49586688908531,5.612567,0.00701904296875,-0.00255558337084949,0.5152000031435097,6.414087295532227,5.9673895835876465,0.417484833343143,1.1298480033874512,0.023862112313508987
RR,moderate_fog,65.png,D:\www\riset\dehazing\dataset\RRSHID\moderate_fog\test\hazy\65.png,0.46068134903907776,0.5456844554227941,12.906309788912667,5.497513,0.01806640625,-0.004796604625880718,1.5504957697253328,12.289095878601074,6.170437335968018,0.17344611898076365,1.178449034690857,0.02648734487593174
RR,moderate_fog,699.png,D:\www\riset\dehazing\dataset\RRSHID\moderate_fog\test\hazy\699.png,0.6095067858695984,0.6587086197597528,10.989063020696944,5.359132,0.000518798828125,-0.0015557263977825642,0.49049807430543907,6.938108921051025,4.964867115020752,0.4333431845073036,0.8754632472991943,0.013102693483233452
RR,moderate_fog,701.png,D:\www\riset\dehazing\dataset\RRSHID\moderate_fog\test\hazy\701.png,0.5246776342391968,0.6091679192835989,14.752078741794604,5.618473,0.00982666015625,-0.004659751895815134,0.8576877036932226,7.360219955444336,6.252609729766846,0.4193194332742988,1.1363940238952637,0.027121389284729958
RR,moderate_fog,703.png,D:\www\riset\dehazing\dataset\RRSHID\moderate_fog\test\hazy\703.png,0.6063185930252075,0.6735623029322406,10.488891638222217,5.0092726,0.0086517333984375,-0.0020696271676570177,1.8686295090030114,8.000596046447754,5.539140701293945,0.3935949417330878,1.045686960220337,0.01885399967432022
RR,moderate_fog,708.png,D:\www\riset\dehazing\dataset\RRSHID\moderate_fog\test\hazy\708.png,0.45804840326309204,0.4921730590022467,4.223794948106393,3.8159606,0.0001220703125,-0.0004768927174154669,3.0739326162364478,5.055136680603027,4.215705394744873,0.41900338773237705,0.7191995978355408,0.008287978358566761
RR,moderate_fog,71.png,D:\www\riset\dehazing\dataset\RRSHID\moderate_fog\test\hazy\71.png,0.5275923013687134,0.5916988397735395,18.95909208222138,6.0024447,0.0066070556640625,-0.005896299611777067,0.9916975783470181,8.493539810180664,5.584402561187744,0.23650401649566366,1.0539600849151611,0.01875598542392254
RR,moderate_fog,712.png,D:\www\riset\dehazing\dataset\RRSHID\moderate_fog\test\hazy\712.png,0.6128054261207581,0.6648952110140931,9.814017314522463,4.9273243,0.0008392333984375,-0.0012943955371156335,1.5399070196621258,6.778241157531738,5.23924446105957,0.47004554239413926,0.9262065887451172,0.015003041364252567
RR,moderate_fog,752.png,D:\www\riset\dehazing\dataset\RRSHID\moderate_fog\test\hazy\752.png,0.5070412755012512,0.5682485543045344,8.609809828255203,5.085477,0.0013427734375,-0.0019319060957059264,0.8972838124847059,5.51849889755249,5.657774448394775,0.44020851942524025,0.9600850939750671,0.0193480271846056
RR,moderate_fog,786.png,D:\www\riset\dehazing\dataset\RRSHID\moderate_fog\test\hazy\786.png,0.6052778363227844,0.6608856201171875,8.367142048733122,4.5537066,0.0049285888671875,-0.001036355854012072,2.5858335501827585,7.3648247718811035,4.99636697769165,0.31490615114732795,0.9884026050567627,0.014984608627855778
RR,moderate_fog,789.png,D:\www\riset\dehazing\dataset\RRSHID\moderate_fog\test\hazy\789.png,0.6225643157958984,0.6786104488996119,11.240452438171046,5.3585234,0.0072174072265625,-0.0015171137638390064,1.0465841243425091,7.251631736755371,5.242006778717041,0.4054111983058059,0.9723035097122192,0.016084199771285057
RR,moderate_fog,81.png,D:\www\riset\dehazing\dataset\RRSHID\moderate_fog\test\hazy\81.png,0.4987310767173767,0.5541730893203636,10.373514460251009,5.046289,0.0054931640625,-0.0021732172463089228,2.0453428702098124,5.872464179992676,5.424510955810547,0.25122076350914835,1.0010696649551392,0.017671355977654457
RR,moderate_fog,864.png,D:\www\riset\dehazing\dataset\RRSHID\moderate_fog\test\hazy\864.png,0.4344387650489807,0.49780052035462624,8.546118833576722,4.7892733,0.00311279296875,-0.0024039344862103462,1.9840373163741516,6.233814239501953,5.5671467781066895,0.4324528258879254,1.0302824974060059,0.019371366128325462
RR,moderate_fog,907.png,D:\www\riset\dehazing\dataset\RRSHID\moderate_fog\test\hazy\907.png,0.5908173322677612,0.6464024363000408,10.147768583699007,4.5251875,0.010223388671875,-0.001849084161221981,3.0011929693745483,7.058775424957275,5.125933647155762,0.15505969410781006,0.9639654159545898,0.015818756073713303
RR,moderate_fog,929.png,D:\www\riset\dehazing\dataset\RRSHID\moderate_fog\test\hazy\929.png,0.4415889084339142,0.4871350257225286,10.396626775847759,4.8899107,0.000579833984375,-0.0031451687682420015,1.9529553680292937,6.074954986572266,5.107975006103516,0.29604021538346953,0.8995383977890015,0.013436594977974892
RR,moderate_fog,989.png,D:\www\riset\dehazing\dataset\RRSHID\moderate_fog\test\hazy\989.png,0.4632657766342163,0.561503710777931,12.881600884495322,5.629479,0.0150146484375,-0.004388777539134026,0.7813794025220783,7.805319786071777,6.491723537445068,0.20466001729779448,1.2117854356765747,0.033588968217372894
RR,moderate_fog,99.png,D:\www\riset\dehazing\dataset\RRSHID\moderate_fog\test\hazy\99.png,0.5127684473991394,0.5799159430210886,11.952700320260103,5.4118357,0.0075531005859375,-0.0035244764294475317,1.0974261247014951,6.5953569412231445,5.824373245239258,0.2610167699817095,1.1043336391448975,0.02183634415268898
RR,thick_fog,1060.png,D:\www\riset\dehazing\dataset\RRSHID\thick_fog\test\hazy\1060.png,0.6927093267440796,0.7538912305644915,7.9285297202622695,4.8567057,0.0018463134765625,-0.0008150059729814529,1.2024864659606334,6.599001884460449,5.5134124755859375,0.4706293755327576,1.02986478805542,0.019446399062871933
RR,thick_fog,1104.png,D:\www\riset\dehazing\dataset\RRSHID\thick_fog\test\hazy\1104.png,0.6466314792633057,0.7182777554381128,7.908251602770789,4.8337626,0.0068511962890625,-0.0008816810441203415,1.162779149392952,6.491550445556641,5.724027633666992,0.45388850621591886,1.134798526763916,0.02227196656167507
RR,thick_fog,1116.png,D:\www\riset\dehazing\dataset\RRSHID\thick_fog\test\hazy\1116.png,0.742942750453949,0.8080422794117647,8.132947530925794,4.8719835,0.0001983642578125,-0.0009289784356951714,-0.2506216839962874,8.418524742126465,5.224938869476318,0.17617285845315186,0.9395800232887268,0.015566002577543259
RR,thick_fog,1145.png,D:\www\riset\dehazing\dataset\RRSHID\thick_fog\test\hazy\1145.png,0.643478274345398,0.7080436158024408,15.12059929669711,5.519273,0.0067138671875,-0.003388075390830636,1.1532836131879811,5.431577682495117,6.0552873611450195,0.28465703412038823,1.0578382015228271,0.024675078690052032
RR,thick_fog,1164.png,D:\www\riset\dehazing\dataset\RRSHID\thick_fog\test\hazy\1164.png,0.6446157693862915,0.7316395878012663,16.612385063021517,5.877425,0.00042724609375,-0.004296147730201483,-0.35320354758990274,13.110532760620117,6.145303726196289,0.1800308232458923,1.0723174810409546,0.025567149743437767
RR,thick_fog,1243.png,D:\www\riset\dehazing\dataset\RRSHID\thick_fog\test\hazy\1243.png,0.7193506360054016,0.7864062140969669,5.509881623756631,4.387151,0.0003814697265625,-0.00033389462623745203,0.7299065878477337,10.720181465148926,5.051242351531982,0.45882845914034937,0.9492559432983398,0.014962954446673393
RR,thick_fog,1262.png,D:\www\riset\dehazing\dataset\RRSHID\thick_fog\test\hazy\1262.png,0.6929618120193481,0.7662454243578942,6.37958424895944,4.4367175,0.002105712890625,-0.000478885107440874,1.5830037358573017,10.595403671264648,5.306824684143066,0.41688779543941334,1.025984525680542,0.017275584861636162
RR,thick_fog,1369.png,D:\www\riset\dehazing\dataset\RRSHID\thick_fog\test\hazy\1369.png,0.6737045049667358,0.7424915787441279,5.5826879265907845,4.376323,0.0002899169921875,-0.0004262860456947237,1.3733842566535472,11.249106407165527,4.850052833557129,0.21296638842585963,0.9250041246414185,0.014422006905078888
RR,thick_fog,1370.png,D:\www\riset\dehazing\dataset\RRSHID\thick_fog\test\hazy\1370.png,0.653479278087616,0.7224421681921467,6.2507070615289955,4.36875,0.001617431640625,-0.0006801023264415562,2.1086145562480145,11.900787353515625,5.039787292480469,0.27173064990456247,0.9680101871490479,0.015824858099222183
RR,thick_fog,1388.png,D:\www\riset\dehazing\dataset\RRSHID\thick_fog\test\hazy\1388.png,0.6306175589561462,0.6943935020297182,11.571261956827204,5.446131,0.0065155029296875,-0.0020386800169944763,0.9537420753543776,7.592631816864014,5.534045219421387,0.2854049908976238,1.043927550315857,0.018606267869472504
RR,thick_fog,1520.png,D:\www\riset\dehazing\dataset\RRSHID\thick_fog\test\hazy\1520.png,0.6397265791893005,0.6973091275084252,9.099584293359058,5.03401,0.001800537109375,-0.0011177911655977368,-0.10298511938313037,6.97757625579834,5.137918472290039,0.31724680313468245,1.0134706497192383,0.016386982053518295
RR,thick_fog,156.png,D:\www\riset\dehazing\dataset\RRSHID\thick_fog\test\hazy\156.png,0.6466399431228638,0.7369484895195058,10.54222510213266,5.1768446,0.0358123779296875,-0.0013836085563525558,0.8035355822257771,7.679991722106934,6.072687149047852,0.40467938604070297,1.2725028991699219,0.028483906760811806
RR,thick_fog,1852.png,D:\www\riset\dehazing\dataset\RRSHID\thick_fog\test\hazy\1852.png,0.6427711248397827,0.7671868816699857,5.730686772553137,4.39852,0.0,-0.0003741615219041705,-0.16885908966928034,27.345848083496094,3.409611225128174,0.003364674950842682,0.5143898725509644,0.005225448869168758
RR,thick_fog,1891.png,D:\www\riset\dehazing\dataset\RRSHID\thick_fog\test\hazy\1891.png,0.6481816172599792,0.7740229587928922,3.004138041854149,3.4629772,0.0,-0.0001743333414196968,-0.5858958853373304,25.64388656616211,3.4026408195495605,0.002802069645847829,0.5026858448982239,0.005217314697802067
RR,thick_fog,1907.png,D:\www\riset\dehazing\dataset\RRSHID\thick_fog\test\hazy\1907.png,0.6564432978630066,0.7806117238562091,2.9928740222027352,3.4940007,0.0,-0.0002345165703445673,-0.7322254597876069,25.703584671020508,3.5822439193725586,0.0028900510399339236,0.5461069941520691,0.005620627664029598
RR,thick_fog,1910.png,D:\www\riset\dehazing\dataset\RRSHID\thick_fog\test\hazy\1910.png,0.6290391087532043,0.7531990799249387,4.2270504209919935,4.068047,0.0,-0.0001292408414883539,-0.13601967838787535,24.801912307739258,3.402215003967285,0.0013572008136059572,0.5121943354606628,0.005097154527902603
RR,thick_fog,1911.png,D:\www\riset\dehazing\dataset\RRSHID\thick_fog\test\hazy\1911.png,0.627372682094574,0.7527988807827819,2.7166264147660124,3.4773781,0.0,-0.00010361716704210266,-0.09858940338106272,24.546239852905273,3.3993020057678223,0.0015457184631733243,0.4935172200202942,0.005052274093031883
RR,thick_fog,221.png,D:\www\riset\dehazing\dataset\RRSHID\thick_fog\test\hazy\221.png,0.7040188312530518,0.7507469626034007,9.39274859873591,5.1830726,0.0014190673828125,-0.0010692306095734239,0.8859374105785466,7.157306671142578,4.807097434997559,0.44438777630203896,0.8523914217948914,0.01220798958092928
RR,thick_fog,232.png,D:\www\riset\dehazing\dataset\RRSHID\thick_fog\test\hazy\232.png,0.6801795363426208,0.7278075174568526,17.744183258225604,5.949276,0.000274658203125,-0.003581603290513158,0.24423749313455978,7.284411430358887,4.934074401855469,0.1712975192530142,0.8596982955932617,0.012645648792386055
RR,thick_fog,2487.png,D:\www\riset\dehazing\dataset\RRSHID\thick_fog\test\hazy\2487.png,0.6415784955024719,0.7414632759842218,11.691335744642009,5.5585537,0.0,-0.0015430301427841187,-0.0800893489717248,18.898557662963867,4.513152122497559,0.053201935388464065,0.7405925393104553,0.00936279445886612
RR,thick_fog,2495.png,D:\www\riset\dehazing\dataset\RRSHID\thick_fog\test\hazy\2495.png,0.6325675249099731,0.7624419168709151,7.824064484263751,5.002553,0.0,-0.0006833592779003084,0.050878459366982896,16.70033836364746,6.073376655578613,0.010269200722056468,0.9805418848991394,0.024035530164837837
RR,thick_fog,2527.png,D:\www\riset\dehazing\dataset\RRSHID\thick_fog\test\hazy\2527.png,0.6691333055496216,0.7694044125625511,12.498648106515864,5.456883,0.0,-0.001410182099789381,-0.07855296677484844,18.096967697143555,4.270658016204834,0.008065033147435766,0.7124881744384766,0.008964749053120613
RR,thick_fog,2568.png,D:\www\riset\dehazing\dataset\RRSHID\thick_fog\test\hazy\2568.png,0.635114848613739,0.7403506409888174,7.927570620391779,4.8406243,0.0,-0.0009552866104058921,-0.6620759648451296,17.089889526367188,4.6242876052856445,0.011555837210532187,0.7475090622901917,0.010265156626701355
RR,thick_fog,2591.png,D:\www\riset\dehazing\dataset\RRSHID\thick_fog\test\hazy\2591.png,0.667807400226593,0.7728148416756025,8.663293533871629,4.938656,0.0,-0.0006809491314925253,-0.05200005671534596,18.065519332885742,4.158914566040039,0.005396645002956163,0.6343217492103577,0.007582481950521469
RR,thick_fog,2630.png,D:\www\riset\dehazing\dataset\RRSHID\thick_fog\test\hazy\2630.png,0.677937924861908,0.779571293849571,4.046680696131635,4.008663,0.0,-0.00020773173309862614,0.2097740548737217,17.593128204345703,3.8833167552948,0.005162720948892855,0.576034665107727,0.006642904132604599
RR,thick_fog,2643.png,D:\www\riset\dehazing\dataset\RRSHID\thick_fog\test\hazy\2643.png,0.6401888728141785,0.751613063438266,9.938467714407054,5.2287655,0.0,-0.0008027753792703152,0.37402183472181044,20.062305450439453,4.84903621673584,0.051361512756021424,0.818388819694519,0.01201710570603609
RR,thick_fog,2696.png,D:\www\riset\dehazing\dataset\RRSHID\thick_fog\test\hazy\2696.png,0.6547664403915405,0.7764499240451389,7.651889880167308,4.9289737,0.0,-0.0005978067056275904,-0.05319705571718577,19.64850616455078,4.317580699920654,0.004930764409882481,0.6975927948951721,0.00914917141199112
RR,thick_fog,274.png,D:\www\riset\dehazing\dataset\RRSHID\thick_fog\test\hazy\274.png,0.6337595582008362,0.6873820984285641,9.511073931460404,5.105204,0.0013427734375,-0.0014767431421205401,0.8123275930318554,7.311715602874756,5.2816901206970215,0.4170233522666904,0.9640834927558899,0.015530934557318687
RR,thick_fog,315.png,D:\www\riset\dehazing\dataset\RRSHID\thick_fog\test\hazy\315.png,0.6616708040237427,0.7076310301138685,11.37358790971584,4.870915,0.000152587890625,-0.0015441322466358542,1.4215574329131464,7.307805061340332,4.775074005126953,0.4437756312897532,0.8398907780647278,0.011364747770130634
RR,thick_fog,335.png,D:\www\riset\dehazing\dataset\RRSHID\thick_fog\test\hazy\335.png,0.6726005673408508,0.7398203930823631,7.60138302676443,4.7576327,0.0040740966796875,-0.0007428492535836995,1.2180430257971249,7.099243640899658,5.540761470794678,0.39214230045152815,1.0975933074951172,0.02022704854607582
RR,thick_fog,353.png,D:\www\riset\dehazing\dataset\RRSHID\thick_fog\test\hazy\353.png,0.6262925863265991,0.67819941900914,10.77389165248129,5.026908,0.00103759765625,-0.00175181170925498,1.0278211765552345,6.980676651000977,5.12989616394043,0.43853623907880224,0.8946033716201782,0.01382230781018734
RR,thick_fog,354.png,D:\www\riset\dehazing\dataset\RRSHID\thick_fog\test\hazy\354.png,0.6774766445159912,0.7397170122931985,9.948480113571275,5.214018,0.0003204345703125,-0.001590572646819055,0.411728861652324,6.757453918457031,5.631191730499268,0.40975165646135614,0.9794654846191406,0.018758617341518402
RR,thick_fog,362.png,D:\www\riset\dehazing\dataset\RRSHID\thick_fog\test\hazy\362.png,0.6989672183990479,0.7437512167138991,8.623301821951634,4.999019,0.0,-0.0005688085220754147,1.0047998502183522,6.660273551940918,4.671152591705322,0.30622302703311405,0.8250731825828552,0.011444570496678352
RR,thick_fog,374.png,D:\www\riset\dehazing\dataset\RRSHID\thick_fog\test\hazy\374.png,0.6900908946990967,0.7561968635110294,8.187426346285942,4.9344316,0.004730224609375,-0.0007407812518067658,0.8473834397707024,7.509404182434082,5.52831506729126,0.4567517665369723,1.1185719966888428,0.02023937925696373
RR,thick_fog,404.png,D:\www\riset\dehazing\dataset\RRSHID\thick_fog\test\hazy\404.png,0.7434685230255127,0.79332117816202,10.118884197254062,5.1884217,0.0,-0.0010904533555731177,0.7890540612808122,6.756479740142822,4.89655876159668,0.2844317605496562,0.8702481985092163,0.012685501947999
RR,thick_fog,429.png,D:\www\riset\dehazing\dataset\RRSHID\thick_fog\test\hazy\429.png,0.8001680374145508,0.8534518572240094,7.1044536830573115,4.7536583,0.0,-0.000684213824570179,-0.0909160076769265,8.163336753845215,4.617035865783691,0.21630819207415347,0.8173608779907227,0.011508475989103317
RR,thick_fog,431.png,D:\www\riset\dehazing\dataset\RRSHID\thick_fog\test\hazy\431.png,0.7820767164230347,0.8300304537505107,5.386656949613393,4.351883,0.0,-0.00033648847602307796,0.42195826068322567,7.566126823425293,4.359365463256836,0.1356557199395148,0.7592273950576782,0.010136386379599571
RR,thick_fog,435.png,D:\www\riset\dehazing\dataset\RRSHID\thick_fog\test\hazy\435.png,0.761685848236084,0.8148129332299326,9.621872170452978,5.1871443,0.0,-0.0010436081793159246,0.3753186708992992,7.646401405334473,5.28297758102417,0.4576918407167412,0.8844005465507507,0.015229471027851105
RR,thick_fog,478.png,D:\www\riset\dehazing\dataset\RRSHID\thick_fog\test\hazy\478.png,0.7911844849586487,0.8499507530062806,9.221404142705776,5.14091,0.0,-0.0012832846259698272,-0.3808934018220031,6.792090892791748,5.572134971618652,0.4786420711723551,0.8953365087509155,0.01814371719956398
RR,thick_fog,480.png,D:\www\riset\dehazing\dataset\RRSHID\thick_fog\test\hazy\480.png,0.7624161243438721,0.8138345157398897,10.506947261921855,5.356442,0.0,-0.001166768022812903,0.15570688589512086,7.491922378540039,4.978869915008545,0.47375795818719835,0.8395164608955383,0.012786271050572395
RR,thick_fog,486.png,D:\www\riset\dehazing\dataset\RRSHID\thick_fog\test\hazy\486.png,0.6506741046905518,0.6924516266467524,6.832123786862301,4.599929,0.000640869140625,-0.0006211814470589161,1.37442995527729,6.019223213195801,4.757415294647217,0.46556463990802094,0.8553962707519531,0.011871938593685627
RR,thick_fog,508.png,D:\www\riset\dehazing\dataset\RRSHID\thick_fog\test\hazy\508.png,0.6414312720298767,0.7156748254314746,8.215925878442032,4.9957914,0.00079345703125,-0.0009741813992150128,0.830523537260924,6.755590438842773,5.859335899353027,0.45812145444317753,1.0753787755966187,0.022633390501141548
RR,thick_fog,516.png,D:\www\riset\dehazing\dataset\RRSHID\thick_fog\test\hazy\516.png,0.7753997445106506,0.8214244169347427,6.335714056326577,4.4728065,0.0,-0.0004925301764160395,1.418530769245265,8.03447151184082,4.297890663146973,0.22561658740102067,0.7145506143569946,0.008786669932305813
RR,thick_fog,517.png,D:\www\riset\dehazing\dataset\RRSHID\thick_fog\test\hazy\517.png,0.770938515663147,0.8185784034479677,7.384313560393999,4.497448,0.0,-0.0005877854418940842,1.6736361242163087,8.453152656555176,4.569746017456055,0.30881029058729587,0.7791342735290527,0.010201490484178066
RR,thick_fog,520.png,D:\www\riset\dehazing\dataset\RRSHID\thick_fog\test\hazy\520.png,0.7888572812080383,0.8369074802772671,6.355150958645568,4.2837243,0.0,-0.00042319492786191404,1.3749900947077975,8.79153060913086,4.5281147956848145,0.3743537701332439,0.7500728368759155,0.009530698880553246
RR,thick_fog,578.png,D:\www\riset\dehazing\dataset\RRSHID\thick_fog\test\hazy\578.png,0.6273486018180847,0.6979676888659109,11.532026467704062,5.435723,0.0034332275390625,-0.0016098854830488563,0.9786468027097146,6.276153564453125,5.847042560577393,0.400514053245082,1.0934875011444092,0.02230595424771309
RR,thick_fog,589.png,D:\www\riset\dehazing\dataset\RRSHID\thick_fog\test\hazy\589.png,0.6915889978408813,0.7465362149905536,14.842570725703249,4.959258,0.000244140625,-0.0022443777415901423,1.2167416774886037,7.451693058013916,5.423770904541016,0.43223822905358644,0.9008905291557312,0.016647519543766975
RR,thick_fog,596.png,D:\www\riset\dehazing\dataset\RRSHID\thick_fog\test\hazy\596.png,0.7413190007209778,0.7940699159709457,6.51691595845729,4.6593227,9.1552734375e-05,-0.000340927712386474,0.6446343891652333,8.798059463500977,4.699037551879883,0.2771383765821796,0.8427227735519409,0.011808511801064014
RR,thick_fog,598.png,D:\www\riset\dehazing\dataset\RRSHID\thick_fog\test\hazy\598.png,0.7820712924003601,0.8430309021395016,9.853555567698717,5.1139517,0.0,-0.0012953170808032155,-0.651830254546966,6.957272529602051,5.698516845703125,0.47607436793347035,0.8961596488952637,0.019143376499414444
RR,thick_fog,602.png,D:\www\riset\dehazing\dataset\RRSHID\thick_fog\test\hazy\602.png,0.7907887101173401,0.8396594278173508,9.870832512806215,4.875944,0.0,-0.0009381726267747581,0.23901286411602,7.623043060302734,5.035071849822998,0.42068119815206184,0.8094580769538879,0.012758264318108559
RR,thick_fog,609.png,D:\www\riset\dehazing\dataset\RRSHID\thick_fog\test\hazy\609.png,0.6580010652542114,0.7083611781301062,5.077936261319276,4.3016334,0.0004425048828125,-0.0003532359842211008,1.3437624496070757,5.736559867858887,4.73195743560791,0.17355044804655076,0.8251031041145325,0.012234557420015335
RR,thick_fog,635.png,D:\www\riset\dehazing\dataset\RRSHID\thick_fog\test\hazy\635.png,0.6853150129318237,0.7530165728400735,9.8246551634658,5.2966647,0.00048828125,-0.0012860479764640331,0.26291109274168495,7.6991682052612305,5.747694969177246,0.4536615705623646,1.01233971118927,0.019977767020463943
RR,thick_fog,638.png,D:\www\riset\dehazing\dataset\RRSHID\thick_fog\test\hazy\638.png,0.7714019417762756,0.8346623439414829,9.973316509848788,5.063532,0.0,-0.0010822558542713523,-0.6626493857046221,6.153780460357666,5.829084873199463,0.4337783739236302,0.918692409992218,0.020960310474038124
RR,thick_fog,645.png,D:\www\riset\dehazing\dataset\RRSHID\thick_fog\test\hazy\645.png,0.7752102017402649,0.8322997448491115,9.490307512450961,5.1942673,9.1552734375e-05,-0.0010663332650437951,-0.3974114577582844,7.671761512756348,5.290195465087891,0.43785445282421076,0.919223427772522,0.015470854938030243
RR,thick_fog,655.png,D:\www\riset\dehazing\dataset\RRSHID\thick_fog\test\hazy\655.png,0.669120728969574,0.7245283937142565,10.783303155834098,5.3603387,0.0013885498046875,-0.0016812094254419208,0.008457691441549916,7.196817398071289,5.349535942077637,0.3914156987066471,0.9483411312103271,0.01602376252412796
RR,thick_fog,674.png,D:\www\riset\dehazing\dataset\RRSHID\thick_fog\test\hazy\674.png,0.7088618874549866,0.7643778881995507,12.440448062916696,5.5075197,0.0003814697265625,-0.0013611012836918235,0.6534715799540235,8.55853271484375,5.199891090393066,0.4645027470376094,0.9310246706008911,0.014785109087824821
RR,thick_fog,682.png,D:\www\riset\dehazing\dataset\RRSHID\thick_fog\test\hazy\682.png,0.7473994493484497,0.8009547813265931,12.803309332253164,5.459332,0.0,-0.0012631871504709125,0.327104379029033,7.624944686889648,4.776300430297852,0.17072298526526716,0.8187810778617859,0.011873731389641762
RR,thick_fog,684.png,D:\www\riset\dehazing\dataset\RRSHID\thick_fog\test\hazy\684.png,0.7787827849388123,0.83398279925577,7.4766683641843,4.845531,0.0,-0.000460844807093963,-0.17299416763032557,7.8296308517456055,4.986868381500244,0.253092552360167,0.904473602771759,0.013688510283827782
RR,thick_fog,685.png,D:\www\riset\dehazing\dataset\RRSHID\thick_fog\test\hazy\685.png,0.7196086049079895,0.77277201733558,12.848353751612763,5.462647,0.0,-0.0016501303762197495,0.683782769136463,7.285566329956055,5.37939453125,0.4448781206596011,0.8996623754501343,0.015894392505288124
RR,thick_fog,698.png,D:\www\riset\dehazing\dataset\RRSHID\thick_fog\test\hazy\698.png,0.6514575481414795,0.70366053363077,7.307503531510906,4.8440065,0.0003814697265625,-0.0008227857761085033,0.45925916269978506,7.050909996032715,4.950154781341553,0.2501522971590077,0.8814300298690796,0.01325097307562828
RR,thick_fog,725.png,D:\www\riset\dehazing\dataset\RRSHID\thick_fog\test\hazy\725.png,0.715906023979187,0.7710026959188624,14.13944876422689,5.748275,0.000335693359375,-0.002088877372443676,0.22583528697107355,7.517917633056641,5.440629005432129,0.4666563973841612,0.9162988066673279,0.01708170771598816
RR,thick_fog,757.png,D:\www\riset\dehazing\dataset\RRSHID\thick_fog\test\hazy\757.png,0.7851307988166809,0.8305486541947509,5.037712026333816,4.301915,0.0,-0.00022154703037813306,0.2459791663417463,8.046987533569336,4.283458709716797,0.23758137098782872,0.762638509273529,0.009837071411311626
RR,thick_fog,759.png,D:\www\riset\dehazing\dataset\RRSHID\thick_fog\test\hazy\759.png,0.8087842464447021,0.8545435088911867,5.2119187048029545,4.3179083,0.0,-0.00017083529382944107,-0.20598723170352762,7.525792598724365,4.249934673309326,0.20275896346543576,0.7478543519973755,0.00980631448328495
RR,thick_fog,764.png,D:\www\riset\dehazing\dataset\RRSHID\thick_fog\test\hazy\764.png,0.6798238158226013,0.7318933424606823,9.709678211283201,4.8228483,0.0009002685546875,-0.000999889918603003,2.1442376895795845,6.957425117492676,5.13064432144165,0.27380586561321446,0.9297593235969543,0.014530315063893795
RR,thick_fog,765.png,D:\www\riset\dehazing\dataset\RRSHID\thick_fog\test\hazy\765.png,0.664854884147644,0.7102226107728248,9.351798825384574,4.7873945,0.0006103515625,-0.0009044454782269895,2.1550167723604634,6.557867050170898,4.777072906494141,0.3580217387426074,0.8578280210494995,0.012238746508955956
RR,thick_fog,801.png,D:\www\riset\dehazing\dataset\RRSHID\thick_fog\test\hazy\801.png,0.8026823401451111,0.8476613163168913,5.810206863148216,4.4492955,0.0,-0.00030727661214768887,0.4051322603925267,7.589627265930176,4.451366424560547,0.4553303682154663,0.790258526802063,0.010383514687418938
RR,thick_fog,820.png,D:\www\riset\dehazing\dataset\RRSHID\thick_fog\test\hazy\820.png,0.6792165637016296,0.7357010984732435,8.33629168885937,4.9043055,0.000701904296875,-0.0008900038083083928,1.2440173024639585,7.527441024780273,5.168576717376709,0.33378776918989134,0.9241999983787537,0.01473173312842846
RR,thick_fog,851.png,D:\www\riset\dehazing\dataset\RRSHID\thick_fog\test\hazy\851.png,0.7461759448051453,0.7937946394378064,9.414679678977828,5.1792827,0.0,-0.000633816875051707,0.2332064386212588,6.985199451446533,4.506243705749512,0.36892898683273895,0.8123791813850403,0.010824407450854778
RR,thick_fog,858.png,D:\www\riset\dehazing\dataset\RRSHID\thick_fog\test\hazy\858.png,0.6715309023857117,0.7553398182189542,8.428519835605087,5.08331,0.0015869140625,-0.0008987322798930109,0.23689765809736107,6.519824981689453,5.9486188888549805,0.2866241489830897,1.097739815711975,0.02467244490981102
RR,thick_fog,885.png,D:\www\riset\dehazing\dataset\RRSHID\thick_fog\test\hazy\885.png,0.7626980543136597,0.8079874873940462,7.248208739041703,4.765749,0.0,-0.0004040476924274117,0.2422225506753727,7.08381462097168,4.465056896209717,0.4336966237973934,0.7984345555305481,0.010603604838252068
RR,thick_fog,897.png,D:\www\riset\dehazing\dataset\RRSHID\thick_fog\test\hazy\897.png,0.6988471150398254,0.7578202590443729,7.2186301470787235,4.778138,0.0009613037109375,-0.0005817229975946248,0.9517843330708455,6.833867073059082,5.314827919006348,0.4764749982758302,0.9686886072158813,0.016245048493146896
RR,thick_fog,899.png,D:\www\riset\dehazing\dataset\RRSHID\thick_fog\test\hazy\899.png,0.672454833984375,0.7622258205039828,9.069935772121228,5.1758604,0.001007080078125,-0.001014936133287847,0.5318381438847924,6.506763458251953,6.072656631469727,0.2536856158191467,1.1315723657608032,0.0270286425948143
RR,thick_fog,911.png,D:\www\riset\dehazing\dataset\RRSHID\thick_fog\test\hazy\911.png,0.672109842300415,0.7212636910232844,5.805142198405002,4.221674,0.0039215087890625,-0.0005103173898532987,2.215359889629712,6.427254676818848,4.914551734924316,0.26621441292030174,0.8978250622749329,0.013372203335165977
RR,thick_fog,956.png,D:\www\riset\dehazing\dataset\RRSHID\thick_fog\test\hazy\956.png,0.7398033738136292,0.7906903235740911,7.036763683904276,4.78738,0.0,-0.0005037651280872524,0.35557715338344614,7.3700714111328125,4.75007438659668,0.26874906433656337,0.8542460203170776,0.011921366676688194
RR,thick_fog,957.png,D:\www\riset\dehazing\dataset\RRSHID\thick_fog\test\hazy\957.png,0.6350479125976562,0.6855121687346813,8.06187198556636,4.545068,0.001861572265625,-0.0009342408739030361,2.6130761455687,6.517979621887207,5.011767387390137,0.19922411801259882,0.9110203981399536,0.013343004509806633
RR,thick_fog,961.png,D:\www\riset\dehazing\dataset\RRSHID\thick_fog\test\hazy\961.png,0.7810216546058655,0.8318154927172693,5.316579485165255,4.35544,0.0,-0.00023634701210539788,0.15669491521379225,6.831978797912598,4.720770835876465,0.27678822340151565,0.8690904974937439,0.012305643409490585
